title,handle,page,failedChecks,httpStatus,htmlBytes,images,availableVariantId
"North & Pearl Iridescent Pendant Necklace","north-pearl-iridescent-pendant-necklace","PASS","","200","195278","3","53774027391160"
"North & Pearl Initial Shell Necklace","north-pearl-initial-shell-necklace","PASS","","200","214969","6","53774027686072"
"North & Pearl Heart Keepsake Necklace","north-pearl-heart-keepsake-necklace","PASS","","200","213595","6","53774027948216"
"North & Pearl Flower Nail Bangle","north-pearl-flower-nail-bangle","PASS","","200","213240","6","53774029488312"
"North & Pearl Color Accent Cuff","north-pearl-color-accent-cuff","PASS","","200","213234","6","53774029717688"
"North & Pearl Sparkle Accent Bracelet","north-pearl-sparkle-accent-bracelet","PASS","","200","213557","6","53774030209208"
"North & Pearl Bridal Water Drop Set","north-pearl-bridal-water-drop-set","PASS","","200","213379","6","53774031618232"
"North & Pearl Hollow Flower Bangle Set","north-pearl-hollow-flower-bangle-set","PASS","","200","214170","6","53779863273656"
"North & Pearl Sparkle Pulse Bracelet","north-pearl-sparkle-pulse-bracelet","PASS","","200","213478","6","53779863339192"
"North & Pearl Mixed Charm Bangle","north-pearl-mixed-charm-bangle","PASS","","200","213240","6","53779863404728"
"North & Pearl Pink Heart Bow Bracelet","north-pearl-pink-heart-bow-bracelet","PASS","","200","214416","6","53779863535800"
"North & Pearl Dainty Flower Necklace","north-pearl-dainty-flower-necklace","PASS","","200","213503","6","53779863994552"
"North & Pearl Clover Charm Bracelet","north-pearl-clover-charm-bracelet","PASS","","200","207712","5","53779864027320"
"North & Pearl Twine Band Ring","north-pearl-twine-band-ring","PASS","","200","213214","6","53779864125624"
"North & Pearl Warm Bead Stretch Bracelet","north-pearl-warm-bead-stretch-bracelet","PASS","","200","214646","6","53779864158392"
"North & Pearl Chunky Bead Bracelet","north-pearl-chunky-bead-bracelet","PASS","","200","213739","6","53779864584376"
"North & Pearl V Water Drop Jewelry Set","north-pearl-v-water-drop-jewelry-set","PASS","","200","213751","6","53779864912056"
"North & Pearl Sleek Flex Bracelet","north-pearl-sleek-flex-bracelet","PASS","","200","213520","6","53790969200824"
"North & Pearl Sweetheart Oval Pendant Necklace","north-pearl-sweetheart-pendant-necklace","PASS","","200","213931","6","53790969331896"
"North & Pearl Sparkle Halo Bracelet","north-pearl-sparkle-halo-bracelet","PASS","","200","218999","6","53790970478776"
"North & Pearl Modern Statement Ring","north-pearl-modern-statement-ring","PASS","","200","220732","6","53790970577080"
"North & Pearl Heart Bracelet","north-pearl-heart-bracelet","PASS","","200","219662","6","53790970970296"
"North & Pearl Sparkle Row Bracelet","north-pearl-sparkle-row-bracelet","PASS","","200","220253","6","53790971953336"
"North & Pearl Smooth Flex Bracelet","north-pearl-smooth-flex-bracelet","PASS","","200","213372","6","53790972772536"
"North & Pearl Bead Bracelet","north-pearl-bead-bracelet","PASS","","200","219875","6","53790972969144"
"North & Pearl Sparkle Link Bracelet","north-pearl-sparkle-link-bracelet","PASS","","200","213276","6","53790973329592"
"North & Pearl Heart Charm Necklace","north-pearl-heart-charm-necklace","PASS","","200","213382","6","53790973460664"
"North & Pearl Bloom Charm Bracelet","north-pearl-bloom-charm-bracelet","PASS","","200","214866","6","53790973591736"
"North & Pearl Heart Earrings","north-pearl-heart-earrings","PASS","","200","213269","6","53790973952184"
"North & Pearl Garden Bloom Bracelet","north-pearl-garden-bloom-bracelet","PASS","","200","200990","4","53790974214328"
"North & Pearl Flower Jewelry Set","north-pearl-flower-jewelry-set","PASS","","200","213260","6","53790974279864"
"North & Pearl Polished Oval Link Bracelet","north-pearl-polished-link-bracelet","PASS","","200","201016","4","53790974738616"
"North & Pearl Floral Accent Bracelet","north-pearl-floral-accent-bracelet","PASS","","200","219767","6","53790975754424"
"North & Pearl Modern Drop Earrings","north-pearl-modern-drop-earrings","PASS","","200","213923","6","53790976016568"
"North & Pearl Heart Ring","north-pearl-heart-ring","PASS","","200","216072","6","53799312982200"
"North & Pearl Classic Name Necklace","north-pearl-name-necklace","PASS","","200","215714","6","53799314817208"
"North & Pearl Sculpted Heart Pendant","north-pearl-heart-necklace","PASS","","200","217339","6","53799316652216"
"North & Pearl Heart Jewelry Set","north-pearl-heart-jewelry-set","PASS","","200","213949","6","53799316717752"
"North & Pearl Everyday Oval Link Bracelet","north-pearl-signature-bracelet","PASS","","200","213516","6","53799316816056"
"North & Pearl Classic Initial Necklace","north-pearl-initial-necklace","PASS","","200","214974","6","53799316947128"
"North & Pearl Script Floating Name Necklace","north-pearl-name-necklace-6152","PASS","","200","216184","6","53799317012664"
"North & Pearl Framed Initial Necklace","north-pearl-initial-necklace-6868","PASS","","200","215040","6","53799317962936"
"North & Pearl Sparkle Bracelet","north-pearl-sparkle-bracelet","PASS","","200","213740","6","53799318159544"
"North & Pearl Everyday Script Name Necklace","north-pearl-name-necklace-5330","PASS","","200","215053","6","53799319077048"
"North & Pearl Dainty Letter Pendant","north-pearl-letter-necklace-6404","PASS","","200","209991","5","53799319208120"
"North & Pearl Charm Polished Name Necklace","north-pearl-name-necklace-7262","PASS","","200","215283","6","53799319404728"
"North & Pearl Everyday Letter Necklace","north-pearl-letter-necklace-0021","PASS","","200","215070","6","53799319666872"
"North & Pearl Sparkle Drop Necklace","north-pearl-sparkle-necklace-2894","PASS","","200","217257","6","53799319863480"
"North & Pearl Sparkle Accent Necklace","north-pearl-sparkle-necklace-5629","PASS","","200","216325","6","53799320453304"
"North & Pearl Petite Love Pendant","north-pearl-heart-necklace-4710","PASS","","200","217454","6","53799322026168"
"North & Pearl Custom Name Pendant","north-pearl-name-necklace-1832","PASS","","200","214875","6","53799322058936"
"North & Pearl Flower Earrings","north-pearl-flower-earrings","PASS","","200","213145","6","53799322157240"
"North & Pearl Floating Script Name Necklace","north-pearl-name-necklace-4075","PASS","","200","215165","6","53799322190008"
"North & Pearl Custom Script Pendant","north-pearl-name-necklace-2338","PASS","","200","214888","6","53799322255544"
"North & Pearl Dainty Initial Charm","north-pearl-initial-necklace-6130","PASS","","200","196259","3","53799322386616"
"North & Pearl Clover Earrings","north-pearl-clover-earrings","PASS","","200","214453","6","53799322452152"
"North & Pearl Polished Letter Necklace","north-pearl-letter-necklace-9008","PASS","","200","210054","5","53799322517688"
"North & Pearl Clover Bracelet","north-pearl-clover-bracelet","PASS","","200","213050","6","53799323959480"
"North & Pearl Polished Sparkle Ring","north-pearl-sparkle-ring-4269","PASS","","200","213306","6","53799324123320"
"North & Pearl Water Drop Jewelry Set","north-pearl-water-drop-jewelry-set","PASS","","200","213897","6","53799324188856"
"North & Pearl Sweet Heart Keepsake Necklace","north-pearl-heart-necklace-1947","PASS","","200","217030","6","53799324254392"
"North & Pearl Refined Script Name Necklace","north-pearl-name-necklace-1996","PASS","","200","215448","6","53799324418232"
"North & Pearl Layered Initial Necklace","north-pearl-initial-necklace-1814","PASS","","200","215084","6","53799324451000"
"North & Pearl Oval Link Bracelet","north-pearl-chain-bracelet","PASS","","200","213158","6","53799324549304"
"North & Pearl Bead Earrings","north-pearl-bead-earrings","PASS","","200","213540","6","53799324582072"
"North & Pearl Minimal Letter Pendant","north-pearl-letter-necklace-4171","PASS","","200","215109","6","53799324614840"
"North & Pearl Smooth Layering Bracelet","north-pearl-snake-chain-bracelet","PASS","","200","213552","6","53799325073592"
"North & Pearl Bead Jewelry Set","north-pearl-bead-jewelry-set","PASS","","200","214288","6","53799325302968"
"North & Pearl Polished Initial Pendant","north-pearl-initial-necklace-6010","PASS","","200","216964","6","53799325401272"
"North & Pearl Giftable Script Name Necklace","north-pearl-name-necklace-6429","PASS","","200","215033","6","53799325532344"
"North & Pearl Sculpted Heart Pendant Necklace","north-pearl-heart-necklace-7284","PASS","","200","215006","6","53802346283192"
"North & Pearl Heirloom Script Name Necklace","north-pearl-name-necklace-0389","PASS","","200","215845","6","53802346348728"
"North & Pearl Sweetheart Drop Pendant Necklace","north-pearl-heart-necklace-2260","PASS","","200","208889","5","53802346381496"
"North & Pearl Petite Heart Earrings","north-pearl-heart-earrings-5822","PASS","","200","208448","5","53802346709176"
"North & Pearl Clover Link Bracelet","north-pearl-clover-bracelet-1195","PASS","","200","214387","6","53802347004088"
"North & Pearl Dainty Letter Tag Necklace","north-pearl-letter-necklace-0689","PASS","","200","214823","6","53802347036856"
"North & Pearl Keepsake Heart Pendant Necklace","north-pearl-heart-necklace-2923","PASS","","200","215175","6","53802347069624"
"North & Pearl Beaded Keepsake Bracelet","north-pearl-bead-bracelet-0492","PASS","","200","214312","6","53802347167928"
"North & Pearl Everyday Classic Name Necklace","north-pearl-name-necklace-4242","PASS","","200","215124","6","53802347200696"
"North & Pearl Polished Letter Pendant Necklace","north-pearl-letter-necklace-4810","PASS","","200","215255","6","53802347233464"
"North & Pearl Framed Initial Pendant Necklace","north-pearl-initial-necklace-6142","PASS","","200","215054","6","53802347364536"
"North & Pearl Classic Initial Charm Necklace","north-pearl-initial-necklace-4829","PASS","","200","215181","6","53802347528376"
"North & Pearl Statement Letter Pendant Necklace","north-pearl-letter-necklace-2555","PASS","","200","208817","5","53802347561144"
"North & Pearl Script Classic Name Necklace","north-pearl-name-necklace-1616","PASS","","200","214997","6","53802347626680"
"North & Pearl Nameplate Charm Necklace","north-pearl-name-necklace-8213","PASS","","200","202253","4","53802347659448"
"North & Pearl Minimal Initial Pendant Necklace","north-pearl-initial-necklace-4204","PASS","","200","203168","4","53802347856056"
"North & Pearl Custom Script Name Necklace","north-pearl-name-necklace-7562","PASS","","200","214985","6","53802349035704"
"North & Pearl Petite Heart Charm Necklace","north-pearl-heart-necklace-0474","PASS","","200","215004","6","53802349068472"
"North & Pearl Everyday Letter Charm Necklace","north-pearl-letter-necklace-2156","PASS","","200","208692","5","53802349166776"
"North & Pearl Layering Dainty Initial Necklace","north-pearl-initial-necklace-8531","PASS","","200","215531","6","53802349265080"
"North & Pearl Open Heart Pendant Necklace","north-pearl-heart-necklace-3361","PASS","","200","214999","6","53802349330616"
"North & Pearl Rounded Heart Pendant Necklace","north-pearl-heart-necklace-1404","PASS","","200","216081","6","53802349461688"
"North & Pearl Clover Station Bracelet","north-pearl-clover-bracelet-4268","PASS","","200","214933","6","53802349494456"
"North & Pearl Petite Letter Necklace","north-pearl-letter-necklace-1571","PASS","","200","208924","5","53802349559992"
"North & Pearl Floating Nameplate Necklace","north-pearl-name-necklace-1956","PASS","","200","215287","6","53802350051512"
"North & Pearl Beaded Layering Necklace","north-pearl-bead-necklace","PASS","","200","213227","6","53802350477496"
"North & Pearl Layered Letter Necklace","north-pearl-letter-necklace-1755","PASS","","200","214851","6","53802351231160"
"North & Pearl Slim Letter Pendant Necklace","north-pearl-letter-necklace-2210","PASS","","200","215047","6","53802351296696"
"North & Pearl Heart Accent Ring","north-pearl-heart-ring-7637","PASS","","200","200597","4","53802351526072"
"North & Pearl Giftable Nameplate Necklace","north-pearl-name-necklace-8379","PASS","","200","214985","6","53802351755448"
"North & Pearl Polished Name Pendant Necklace","north-pearl-name-necklace-5921","PASS","","200","208829","5","53802352935096"
"North & Pearl Bloom Pendant Necklace","north-pearl-flower-necklace","PASS","","200","214703","6","53802352967864"
"North & Pearl Block Initial Necklace","north-pearl-initial-necklace-3226","PASS","","200","214829","6","53802353033400"
"North & Pearl Personal Name Necklace","north-pearl-name-necklace-7245","PASS","","200","214787","6","53802353066168"
"North & Pearl Fine Script Name Necklace","north-pearl-name-necklace-6301","PASS","","200","215937","6","53802382426296"
"North & Pearl Polished Bead Bracelet","north-pearl-bead-bracelet-3656","PASS","","200","214847","6","53802387865784"
"North & Pearl Everyday Rounded Link Bracelet","north-pearl-signature-bracelet-1724","PASS","","200","213684","6","53802389045432"
"North & Pearl Framed Letter Necklace","north-pearl-letter-necklace-3046","PASS","","200","214831","6","53802389110968"
"North & Pearl Refined Nameplate Necklace","north-pearl-name-necklace-6441","PASS","","200","214929","6","53802389143736"
"North & Pearl Simple Initial Pendant Necklace","north-pearl-initial-necklace-2758","PASS","","200","215225","6","53802389176504"
"North & Pearl Modern Name Necklace","north-pearl-name-necklace-6376","PASS","","200","214674","6","53802389209272"
"North & Pearl Charm Keepsake Name Necklace","north-pearl-name-necklace-8628","PASS","","200","209009","5","53802389307576"
"North & Pearl Luxe Name Pendant Necklace","north-pearl-name-necklace-0823","PASS","","200","215045","6","53802389340344"
"North & Pearl Dainty Name Pendant Necklace","north-pearl-name-necklace-5254","PASS","","200","216195","6","53802389373112"
"North & Pearl Sparkle Pendant Necklace","north-pearl-sparkle-necklace-9390","PASS","","200","214980","6","53802389471416"
"North & Pearl Framed Heirloom Letter Necklace","north-pearl-letter-necklace-7676","PASS","","200","215172","6","53802389504184"
"North & Pearl Polished Statement Link Bracelet","north-pearl-signature-bracelet-6593","PASS","","200","211124","5","53802389536952"
"North & Pearl Sweetheart Drop Earrings","north-pearl-heart-earrings-5815","PASS","","200","200897","4","53802389569720"
"North & Pearl Sparkle Stacking Bracelet","north-pearl-sparkle-bracelet-6794","PASS","","200","213766","6","53813886353592"
"North & Pearl Pendant Dainty Initial Necklace","north-pearl-initial-necklace-7793","PASS","","200","215497","6","53813886714040"
"North & Pearl Polished Love Pendant","north-pearl-heart-necklace-2948","PASS","","200","215581","6","53813887008952"
"North & Pearl Minimal Statement Ring","north-pearl-signature-ring","PASS","","200","213987","6","53813888942264"
"North & Pearl Giftable Bloom Bracelet","north-pearl-flower-bracelet","PASS","","200","213749","6","53813889302712"
"North & Pearl Sculpted Tennis Bracelet","north-pearl-tennis-bracelet","PASS","","200","213279","6","53813889532088"
"North & Pearl Classic Sparkle Necklace","north-pearl-sparkle-necklace-3170","PASS","","200","208661","5","53813889892536"
"North & Pearl Charm Refined Initial Necklace","north-pearl-initial-necklace-4625","PASS","","200","216624","6","53813893071032"
"North & Pearl Everyday Name Necklace","north-pearl-name-necklace-4975","PASS","","200","214760","6","53813893333176"
"North & Pearl Dainty Initial Necklace","north-pearl-initial-necklace-0100","PASS","","200","215080","6","53813895528632"
"North & Pearl Polished Name Necklace","north-pearl-name-necklace-6240","PASS","","200","215291","6","53813895889080"
"North & Pearl Charm Keepsake Letter Necklace","north-pearl-letter-necklace-6153","PASS","","200","209138","5","53813896052920"
"North & Pearl Layering Letter Necklace","north-pearl-letter-necklace-5572","PASS","","200","214895","6","53813896347832"
"North & Pearl Keepsake Giftable Name Necklace","north-pearl-name-necklace-9635","PASS","","200","214723","6","53813896478904"
"North & Pearl Classic Love Pendant","north-pearl-heart-necklace-8734","PASS","","200","213404","6","53813897232568"
"North & Pearl Refined Chain Necklace","north-pearl-snake-chain-necklace","PASS","","200","213296","6","53813897396408"
"North & Pearl Stackable Sparkle Bracelet","north-pearl-sparkle-bracelet-0305","PASS","","200","214997","6","53813897560248"
"North & Pearl Sweetheart Charm Pendant","north-pearl-heart-necklace-9715","PASS","","200","217380","6","53813897855160"
"North & Pearl Pendant Polished Initial Necklace","north-pearl-initial-necklace-8053","PASS","","200","209286","5","53813897986232"
"North & Pearl Refined Name Jewelry Set","north-pearl-name-jewelry-set","PASS","","200","208527","5","53813899165880"
"North & Pearl Petite Sparkle Earrings","north-pearl-sparkle-earrings","PASS","","200","213985","6","53813900968120"
"North & Pearl Charm Giftable Name Necklace","north-pearl-name-necklace-2765","PASS","","200","209356","5","53813901263032"
"North & Pearl Personalized Nameplate Necklace","north-pearl-personalized-nameplate-necklace","PASS","","200","209607","5","53813901590712"
"North & Pearl Charm Refined Letter Necklace","north-pearl-letter-necklace-9014","PASS","","200","215392","6","53813901820088"
"North & Pearl Charm Everyday Name Necklace","north-pearl-name-necklace-8045","PASS","","200","215978","6","53813902049464"
"North & Pearl Dainty Letter Necklace","north-pearl-letter-necklace-0758","PASS","","200","215356","6","53813913223352"
"North & Pearl Polished Initial Necklace","north-pearl-initial-necklace-1309","PASS","","200","216140","6","53813973975224"
"North & Pearl Layering Name Necklace","north-pearl-name-necklace-1495","PASS","","200","214768","6","53813974696120"
"North & Pearl Layering Giftable Name Necklace","north-pearl-name-necklace-8099","PASS","","200","215415","6","53813974991032"
"North & Pearl Giftable Name Jewelry Set","north-pearl-name-jewelry-set-0376","PASS","","200","215284","6","53813975187640"
"North & Pearl Refined Initial Necklace","north-pearl-initial-necklace-1355","PASS","","200","214914","6","53813975515320"
"North & Pearl Keepsake Sparkle Ring","north-pearl-sparkle-ring-6187","PASS","","200","213159","6","53813975679160"
"North & Pearl Layering Polished Initial Necklace","north-pearl-initial-necklace-8309","PASS","","200","216800","6","53813976268984"
"North & Pearl Keepsake Bloom Necklace","north-pearl-flower-necklace-7949","PASS","","200","213357","6","53813976465592"
"North & Pearl Layering Bead Necklace","north-pearl-bead-necklace-6379","PASS","","200","208508","5","53813976826040"
"North & Pearl Giftable Initial Necklace","north-pearl-initial-necklace-6292","PASS","","200","202600","4","53813978726584"
"North & Pearl Pendant Classic Name Necklace","north-pearl-name-necklace-7005","PASS","","200","215328","6","53813979021496"
"North & Pearl Refined Bloom Bracelet","north-pearl-flower-bracelet-0924","PASS","","200","213952","6","53813980004536"
"North & Pearl Charm Everyday Letter Necklace","north-pearl-letter-necklace-4393","PASS","","200","215746","6","53813982658744"
"North & Pearl Dainty Love Pendant","north-pearl-heart-necklace-3910","PASS","","200","217191","6","53813983183032"
"North & Pearl Charm Polished Initial Necklace","north-pearl-initial-necklace-6999","PASS","","200","215496","6","53813983707320"
"North & Pearl Keepsake Letter Necklace","north-pearl-letter-necklace-1608","PASS","","200","214904","6","53813984755896"
"North & Pearl Giftable Sparkle Bracelet","north-pearl-sparkle-bracelet-3594","PASS","","200","213554","6","53813985312952"
"North & Pearl Pendant Giftable Name Necklace","north-pearl-name-necklace-3437","PASS","","200","209967","5","53813985444024"
"North & Pearl Giftable Statement Ring","north-pearl-signature-ring-0279","PASS","","200","213805","6","53813985673400"
"North & Pearl Sculpted Stud Earrings","north-pearl-stud-earrings","PASS","","200","213357","6","53813988098232"
"North & Pearl Everyday Sparkle Necklace","north-pearl-sparkle-necklace-1704","PASS","","200","202490","4","53813988360376"
"North & Pearl Dainty Sparkle Necklace","north-pearl-sparkle-necklace-7976","PASS","","200","214930","6","53813989081272"
"North & Pearl Everyday Bloom Bracelet","north-pearl-flower-bracelet-6422","PASS","","200","207079","5","53813989212344"
"North & Pearl Keepsake Name Necklace","north-pearl-name-necklace-4358","PASS","","200","216748","6","53813989343416"
"North & Pearl Classic Letter Necklace","north-pearl-letter-necklace-5796","PASS","","200","216836","6","53813990031544"
"North & Pearl Polished Sparkle Earrings","north-pearl-sparkle-earrings-6570","PASS","","200","214980","6","53813990359224"
"North & Pearl Charm Everyday Sparkle Necklace","north-pearl-sparkle-necklace-2786","PASS","","200","215496","6","53813990588600"
"North & Pearl Charm Dainty Letter Necklace","north-pearl-letter-necklace-8427","PASS","","200","215342","6","53813990752440"
"North & Pearl Refined Letter Earrings","north-pearl-letter-earrings","PASS","","200","202736","4","53813991669944"
"North & Pearl Pendant Keepsake Letter Necklace","north-pearl-letter-necklace-9838","PASS","","200","215719","6","53813991964856"
"North & Pearl Statement Layering Name Necklace","north-pearl-name-necklace-9804","PASS","","200","217529","6","53813992194232"
"North & Pearl Giftable Letter Necklace","north-pearl-letter-necklace-7036","PASS","","200","214897","6","53813992784056"
"North & Pearl Layering Clover Bracelet","north-pearl-clover-bracelet-1367","PASS","","200","207152","5","53813993046200"
"North & Pearl Stacking Oval Bracelet","north-pearl-signature-bracelet-9323","PASS","","200","213575","6","53813993275576"
"North & Pearl Refined Sparkle Earrings","north-pearl-sparkle-earrings-8738","PASS","","200","213407","6","53813993439416"
"North & Pearl Charm Dainty Initial Necklace","north-pearl-initial-necklace-2094","PASS","","200","203944","4","53813996126392"
"North & Pearl Polished Pendant Necklace","north-pearl-signature-necklace-8214","PASS","","200","214230","6","53813999206584"
"North & Pearl Polished Bead Earrings","north-pearl-bead-earrings-1559","PASS","","200","208588","5","53814000451768"
"North & Pearl Giftable Letter Bracelet","north-pearl-letter-bracelet-5859","PASS","","200","214880","6","53814000681144"
"North & Pearl Giftable Name Necklace","north-pearl-name-necklace-0020","PASS","","200","209428","5","53814001369272"
"North & Pearl Layering Sparkle Bracelet","north-pearl-sparkle-bracelet-2159","PASS","","200","214080","6","53814002876600"
"North & Pearl Refined Letter Necklace","north-pearl-letter-necklace-3983","PASS","","200","208593","5","53814007464120"
"North & Pearl Polished Bloom Bracelet","north-pearl-flower-bracelet-8870","PASS","","200","213338","6","53814007824568"
"North & Pearl Everyday Oval Bracelet","north-pearl-signature-bracelet-8272","PASS","","200","213579","6","53814008086712"
"North & Pearl Giftable Polished Earrings","north-pearl-signature-earrings","PASS","","200","207374","5","53814012379320"
"North & Pearl Layering Initial Necklace","north-pearl-initial-necklace-3299","PASS","","200","214972","6","53814014705848"
"North & Pearl Sculpted Initial Ring","north-pearl-initial-ring","PASS","","200","214560","6","53814019096760"
"North & Pearl Charm Classic Letter Necklace","north-pearl-letter-necklace-6249","PASS","","200","202882","4","53814023749816"
"North & Pearl Refined Clover Jewelry Set","north-pearl-clover-jewelry-set","PASS","","200","208857","5","53814030270648"
"North & Pearl Stackable Clover Bracelet","north-pearl-clover-bracelet-5386","PASS","","200","214994","6","53814037217464"
"North & Pearl Dainty Clover Necklace","north-pearl-clover-necklace","PASS","","200","213252","6","53814041968824"
"North & Pearl Refined Bloom Earrings","north-pearl-flower-earrings-5632","PASS","","200","213977","6","53814048424120"
"North & Pearl Keepsake Letter Bracelet","north-pearl-letter-bracelet-4295","PASS","","200","214880","6","53814056812728"
"North & Pearl Stacking Layering Name Necklace","north-pearl-name-necklace-8559","PASS","","200","215408","6","53814063759544"
"North & Pearl Polished Statement Ring","north-pearl-signature-ring-7015","PASS","","200","214170","6","53814066512056"
"North & Pearl Charm Classic Name Necklace","north-pearl-name-necklace-5568","PASS","","200","215390","6","53814070902968"
"North & Pearl Refined Oval Bracelet","north-pearl-signature-bracelet-6682","PASS","","200","207619","5","53814077620408"
"North & Pearl Refined Polished Earrings","north-pearl-signature-earrings-6915","PASS","","200","208275","5","53814083911864"
"North & Pearl Polished Clover Bracelet","north-pearl-clover-bracelet-7425","PASS","","200","214765","6","53814088302776"
"North & Pearl Giftable Jewelry Set","north-pearl-signature-jewelry-set","PASS","","200","207708","5","53814092759224"
"North & Pearl Polished Jewelry Set","north-pearl-signature-jewelry-set-8616","PASS","","200","213541","6","53814099050680"
"North & Pearl Stacking Giftable Sparkle Bracelet","north-pearl-sparkle-bracelet-8259","PASS","","200","214217","6","53814104162488"
"North & Pearl Giftable Letter Earrings","north-pearl-letter-earrings-5006","PASS","","200","202406","4","53814110585016"
"North & Pearl Charm Classic Initial Necklace","north-pearl-initial-necklace-5273","PASS","","200","215446","6","53814117007544"