title,handle,status,variants,availableForSaleVariants,trackedVariants,totalInventory,policies
"North & Pearl Iridescent Pendant Necklace","north-pearl-iridescent-pendant-necklace","ACTIVE","1","1","0","0","DENY"
"North & Pearl Initial Shell Necklace","north-pearl-initial-shell-necklace","ACTIVE","1","1","0","0","DENY"
"North & Pearl Heart Keepsake Necklace","north-pearl-heart-keepsake-necklace","ACTIVE","1","1","0","0","DENY"
"North & Pearl Flower Nail Bangle","north-pearl-flower-nail-bangle","ACTIVE","1","1","0","0","DENY"
"North & Pearl Color Accent Cuff","north-pearl-color-accent-cuff","ACTIVE","1","1","0","0","DENY"
"North & Pearl Sparkle Accent Bracelet","north-pearl-sparkle-accent-bracelet","ACTIVE","1","1","0","0","DENY"
"North & Pearl Bridal Water Drop Set","north-pearl-bridal-water-drop-set","ACTIVE","1","1","0","0","DENY"
"North & Pearl Hollow Flower Bangle Set","north-pearl-hollow-flower-bangle-set","ACTIVE","1","1","0","0","DENY"
"North & Pearl Sparkle Pulse Bracelet","north-pearl-sparkle-pulse-bracelet","ACTIVE","1","1","0","0","DENY"
"North & Pearl Mixed Charm Bangle","north-pearl-mixed-charm-bangle","ACTIVE","1","1","0","0","DENY"
"North & Pearl Pink Heart Bow Bracelet","north-pearl-pink-heart-bow-bracelet","ACTIVE","1","1","0","0","DENY"
"North & Pearl Dainty Flower Necklace","north-pearl-dainty-flower-necklace","ACTIVE","1","1","0","0","DENY"
"North & Pearl Clover Charm Bracelet","north-pearl-clover-charm-bracelet","ACTIVE","1","1","0","0","DENY"
"North & Pearl Twine Band Ring","north-pearl-twine-band-ring","ACTIVE","1","1","0","0","DENY"
"North & Pearl Warm Bead Stretch Bracelet","north-pearl-warm-bead-stretch-bracelet","ACTIVE","1","1","0","0","DENY"
"North & Pearl Chunky Bead Bracelet","north-pearl-chunky-bead-bracelet","ACTIVE","1","1","0","0","DENY"
"North & Pearl V Water Drop Jewelry Set","north-pearl-v-water-drop-jewelry-set","ACTIVE","1","1","0","0","DENY"
"North & Pearl Sleek Flex Bracelet","north-pearl-sleek-flex-bracelet","ACTIVE","1","1","0","0","DENY"
"North & Pearl Sweetheart Oval Pendant Necklace","north-pearl-sweetheart-pendant-necklace","ACTIVE","1","1","0","0","DENY"
"North & Pearl Sparkle Halo Bracelet","north-pearl-sparkle-halo-bracelet","ACTIVE","1","1","0","0","DENY"
"North & Pearl Modern Statement Ring","north-pearl-modern-statement-ring","ACTIVE","1","1","0","0","DENY"
"North & Pearl Heart Bracelet","north-pearl-heart-bracelet","ACTIVE","1","1","0","0","DENY"
"North & Pearl Sparkle Row Bracelet","north-pearl-sparkle-row-bracelet","ACTIVE","1","1","0","0","DENY"
"North & Pearl Smooth Flex Bracelet","north-pearl-smooth-flex-bracelet","ACTIVE","1","1","0","0","DENY"
"North & Pearl Bead Bracelet","north-pearl-bead-bracelet","ACTIVE","1","1","0","0","DENY"
"North & Pearl Sparkle Link Bracelet","north-pearl-sparkle-link-bracelet","ACTIVE","1","1","0","0","DENY"
"North & Pearl Heart Charm Necklace","north-pearl-heart-charm-necklace","ACTIVE","1","1","0","0","DENY"
"North & Pearl Bloom Charm Bracelet","north-pearl-bloom-charm-bracelet","ACTIVE","1","1","0","0","DENY"
"North & Pearl Heart Earrings","north-pearl-heart-earrings","ACTIVE","1","1","0","0","DENY"
"North & Pearl Garden Bloom Bracelet","north-pearl-garden-bloom-bracelet","ACTIVE","1","1","0","0","DENY"
"North & Pearl Flower Jewelry Set","north-pearl-flower-jewelry-set","ACTIVE","1","1","0","0","DENY"
"North & Pearl Polished Oval Link Bracelet","north-pearl-polished-link-bracelet","ACTIVE","1","1","0","0","DENY"
"North & Pearl Floral Accent Bracelet","north-pearl-floral-accent-bracelet","ACTIVE","1","1","0","0","DENY"
"North & Pearl Modern Drop Earrings","north-pearl-modern-drop-earrings","ACTIVE","1","1","0","0","DENY"
"North & Pearl Heart Ring","north-pearl-heart-ring","ACTIVE","1","1","0","0","DENY"
"North & Pearl Classic Name Necklace","north-pearl-name-necklace","ACTIVE","1","1","0","0","DENY"
"North & Pearl Sculpted Heart Pendant","north-pearl-heart-necklace","ACTIVE","1","1","0","0","DENY"
"North & Pearl Heart Jewelry Set","north-pearl-heart-jewelry-set","ACTIVE","1","1","0","0","DENY"
"North & Pearl Everyday Oval Link Bracelet","north-pearl-signature-bracelet","ACTIVE","1","1","0","0","DENY"
"North & Pearl Classic Initial Necklace","north-pearl-initial-necklace","ACTIVE","1","1","0","0","DENY"
"North & Pearl Script Floating Name Necklace","north-pearl-name-necklace-6152","ACTIVE","1","1","0","0","DENY"
"North & Pearl Framed Initial Necklace","north-pearl-initial-necklace-6868","ACTIVE","1","1","0","0","DENY"
"North & Pearl Sparkle Bracelet","north-pearl-sparkle-bracelet","ACTIVE","1","1","0","0","DENY"
"North & Pearl Everyday Script Name Necklace","north-pearl-name-necklace-5330","ACTIVE","1","1","0","0","DENY"
"North & Pearl Dainty Letter Pendant","north-pearl-letter-necklace-6404","ACTIVE","1","1","0","0","DENY"
"North & Pearl Charm Polished Name Necklace","north-pearl-name-necklace-7262","ACTIVE","1","1","0","0","DENY"
"North & Pearl Everyday Letter Necklace","north-pearl-letter-necklace-0021","ACTIVE","1","1","0","0","DENY"
"North & Pearl Sparkle Drop Necklace","north-pearl-sparkle-necklace-2894","ACTIVE","1","1","0","0","DENY"
"North & Pearl Sparkle Accent Necklace","north-pearl-sparkle-necklace-5629","ACTIVE","1","1","0","0","DENY"
"North & Pearl Petite Love Pendant","north-pearl-heart-necklace-4710","ACTIVE","1","1","0","0","DENY"
"North & Pearl Custom Name Pendant","north-pearl-name-necklace-1832","ACTIVE","1","1","0","0","DENY"
"North & Pearl Flower Earrings","north-pearl-flower-earrings","ACTIVE","1","1","0","0","DENY"
"North & Pearl Floating Script Name Necklace","north-pearl-name-necklace-4075","ACTIVE","1","1","0","0","DENY"
"North & Pearl Custom Script Pendant","north-pearl-name-necklace-2338","ACTIVE","1","1","0","0","DENY"
"North & Pearl Dainty Initial Charm","north-pearl-initial-necklace-6130","ACTIVE","1","1","0","0","DENY"
"North & Pearl Clover Earrings","north-pearl-clover-earrings","ACTIVE","1","1","0","0","DENY"
"North & Pearl Polished Letter Necklace","north-pearl-letter-necklace-9008","ACTIVE","1","1","0","0","DENY"
"North & Pearl Clover Bracelet","north-pearl-clover-bracelet","ACTIVE","1","1","0","0","DENY"
"North & Pearl Polished Sparkle Ring","north-pearl-sparkle-ring-4269","ACTIVE","1","1","0","0","DENY"
"North & Pearl Water Drop Jewelry Set","north-pearl-water-drop-jewelry-set","ACTIVE","1","1","0","0","DENY"
"North & Pearl Sweet Heart Keepsake Necklace","north-pearl-heart-necklace-1947","ACTIVE","1","1","0","0","DENY"
"North & Pearl Refined Script Name Necklace","north-pearl-name-necklace-1996","ACTIVE","1","1","0","0","DENY"
"North & Pearl Layered Initial Necklace","north-pearl-initial-necklace-1814","ACTIVE","1","1","0","0","DENY"
"North & Pearl Oval Link Bracelet","north-pearl-chain-bracelet","ACTIVE","1","1","0","0","DENY"
"North & Pearl Bead Earrings","north-pearl-bead-earrings","ACTIVE","1","1","0","0","DENY"
"North & Pearl Minimal Letter Pendant","north-pearl-letter-necklace-4171","ACTIVE","1","1","0","0","DENY"
"North & Pearl Smooth Layering Bracelet","north-pearl-snake-chain-bracelet","ACTIVE","1","1","0","0","DENY"
"North & Pearl Bead Jewelry Set","north-pearl-bead-jewelry-set","ACTIVE","1","1","0","0","DENY"
"North & Pearl Polished Initial Pendant","north-pearl-initial-necklace-6010","ACTIVE","1","1","0","0","DENY"
"North & Pearl Giftable Script Name Necklace","north-pearl-name-necklace-6429","ACTIVE","1","1","0","0","DENY"
"North & Pearl Sculpted Heart Pendant Necklace","north-pearl-heart-necklace-7284","ACTIVE","1","1","0","0","DENY"
"North & Pearl Heirloom Script Name Necklace","north-pearl-name-necklace-0389","ACTIVE","1","1","0","0","DENY"
"North & Pearl Sweetheart Drop Pendant Necklace","north-pearl-heart-necklace-2260","ACTIVE","1","1","0","0","DENY"
"North & Pearl Petite Heart Earrings","north-pearl-heart-earrings-5822","ACTIVE","1","1","0","0","DENY"
"North & Pearl Clover Link Bracelet","north-pearl-clover-bracelet-1195","ACTIVE","1","1","0","0","DENY"
"North & Pearl Dainty Letter Tag Necklace","north-pearl-letter-necklace-0689","ACTIVE","1","1","0","0","DENY"
"North & Pearl Keepsake Heart Pendant Necklace","north-pearl-heart-necklace-2923","ACTIVE","1","1","0","0","DENY"
"North & Pearl Beaded Keepsake Bracelet","north-pearl-bead-bracelet-0492","ACTIVE","1","1","0","0","DENY"
"North & Pearl Everyday Classic Name Necklace","north-pearl-name-necklace-4242","ACTIVE","1","1","0","0","DENY"
"North & Pearl Polished Letter Pendant Necklace","north-pearl-letter-necklace-4810","ACTIVE","1","1","0","0","DENY"
"North & Pearl Framed Initial Pendant Necklace","north-pearl-initial-necklace-6142","ACTIVE","1","1","0","0","DENY"
"North & Pearl Classic Initial Charm Necklace","north-pearl-initial-necklace-4829","ACTIVE","1","1","0","0","DENY"
"North & Pearl Statement Letter Pendant Necklace","north-pearl-letter-necklace-2555","ACTIVE","1","1","0","0","DENY"
"North & Pearl Script Classic Name Necklace","north-pearl-name-necklace-1616","ACTIVE","1","1","0","0","DENY"
"North & Pearl Nameplate Charm Necklace","north-pearl-name-necklace-8213","ACTIVE","1","1","0","0","DENY"
"North & Pearl Minimal Initial Pendant Necklace","north-pearl-initial-necklace-4204","ACTIVE","1","1","0","0","DENY"
"North & Pearl Custom Script Name Necklace","north-pearl-name-necklace-7562","ACTIVE","1","1","0","0","DENY"
"North & Pearl Petite Heart Charm Necklace","north-pearl-heart-necklace-0474","ACTIVE","1","1","0","0","DENY"
"North & Pearl Everyday Letter Charm Necklace","north-pearl-letter-necklace-2156","ACTIVE","1","1","0","0","DENY"
"North & Pearl Layering Dainty Initial Necklace","north-pearl-initial-necklace-8531","ACTIVE","1","1","0","0","DENY"
"North & Pearl Open Heart Pendant Necklace","north-pearl-heart-necklace-3361","ACTIVE","1","1","0","0","DENY"
"North & Pearl Rounded Heart Pendant Necklace","north-pearl-heart-necklace-1404","ACTIVE","1","1","0","0","DENY"
"North & Pearl Clover Station Bracelet","north-pearl-clover-bracelet-4268","ACTIVE","1","1","0","0","DENY"
"North & Pearl Petite Letter Necklace","north-pearl-letter-necklace-1571","ACTIVE","1","1","0","0","DENY"
"North & Pearl Floating Nameplate Necklace","north-pearl-name-necklace-1956","ACTIVE","1","1","0","0","DENY"
"North & Pearl Beaded Layering Necklace","north-pearl-bead-necklace","ACTIVE","1","1","0","0","DENY"
"North & Pearl Layered Letter Necklace","north-pearl-letter-necklace-1755","ACTIVE","1","1","0","0","DENY"
"North & Pearl Slim Letter Pendant Necklace","north-pearl-letter-necklace-2210","ACTIVE","1","1","0","0","DENY"
"North & Pearl Heart Accent Ring","north-pearl-heart-ring-7637","ACTIVE","1","1","0","0","DENY"
"North & Pearl Giftable Nameplate Necklace","north-pearl-name-necklace-8379","ACTIVE","1","1","0","0","DENY"
"North & Pearl Polished Name Pendant Necklace","north-pearl-name-necklace-5921","ACTIVE","1","1","0","0","DENY"
"North & Pearl Bloom Pendant Necklace","north-pearl-flower-necklace","ACTIVE","1","1","0","0","DENY"
"North & Pearl Block Initial Necklace","north-pearl-initial-necklace-3226","ACTIVE","1","1","0","0","DENY"
"North & Pearl Personal Name Necklace","north-pearl-name-necklace-7245","ACTIVE","1","1","0","0","DENY"
"North & Pearl Fine Script Name Necklace","north-pearl-name-necklace-6301","ACTIVE","1","1","0","0","DENY"
"North & Pearl Polished Bead Bracelet","north-pearl-bead-bracelet-3656","ACTIVE","1","1","0","0","DENY"
"North & Pearl Everyday Rounded Link Bracelet","north-pearl-signature-bracelet-1724","ACTIVE","1","1","0","0","DENY"
"North & Pearl Framed Letter Necklace","north-pearl-letter-necklace-3046","ACTIVE","1","1","0","0","DENY"
"North & Pearl Refined Nameplate Necklace","north-pearl-name-necklace-6441","ACTIVE","1","1","0","0","DENY"
"North & Pearl Simple Initial Pendant Necklace","north-pearl-initial-necklace-2758","ACTIVE","1","1","0","0","DENY"
"North & Pearl Modern Name Necklace","north-pearl-name-necklace-6376","ACTIVE","1","1","0","0","DENY"
"North & Pearl Charm Keepsake Name Necklace","north-pearl-name-necklace-8628","ACTIVE","1","1","0","0","DENY"
"North & Pearl Luxe Name Pendant Necklace","north-pearl-name-necklace-0823","ACTIVE","1","1","0","0","DENY"
"North & Pearl Dainty Name Pendant Necklace","north-pearl-name-necklace-5254","ACTIVE","1","1","0","0","DENY"
"North & Pearl Sparkle Pendant Necklace","north-pearl-sparkle-necklace-9390","ACTIVE","1","1","0","0","DENY"
"North & Pearl Framed Heirloom Letter Necklace","north-pearl-letter-necklace-7676","ACTIVE","1","1","0","0","DENY"
"North & Pearl Polished Statement Link Bracelet","north-pearl-signature-bracelet-6593","ACTIVE","1","1","0","0","DENY"
"North & Pearl Sweetheart Drop Earrings","north-pearl-heart-earrings-5815","ACTIVE","1","1","0","0","DENY"
"North & Pearl Sparkle Stacking Bracelet","north-pearl-sparkle-bracelet-6794","ACTIVE","1","1","0","0","DENY"
"North & Pearl Pendant Dainty Initial Necklace","north-pearl-initial-necklace-7793","ACTIVE","1","1","0","0","DENY"
"North & Pearl Polished Love Pendant","north-pearl-heart-necklace-2948","ACTIVE","1","1","0","0","DENY"
"North & Pearl Minimal Statement Ring","north-pearl-signature-ring","ACTIVE","1","1","0","0","DENY"
"North & Pearl Giftable Bloom Bracelet","north-pearl-flower-bracelet","ACTIVE","1","1","0","0","DENY"
"North & Pearl Sculpted Tennis Bracelet","north-pearl-tennis-bracelet","ACTIVE","1","1","0","0","DENY"
"North & Pearl Classic Sparkle Necklace","north-pearl-sparkle-necklace-3170","ACTIVE","1","1","0","0","DENY"
"North & Pearl Charm Refined Initial Necklace","north-pearl-initial-necklace-4625","ACTIVE","1","1","0","0","DENY"
"North & Pearl Everyday Name Necklace","north-pearl-name-necklace-4975","ACTIVE","1","1","0","0","DENY"
"North & Pearl Dainty Initial Necklace","north-pearl-initial-necklace-0100","ACTIVE","1","1","0","0","DENY"
"North & Pearl Polished Name Necklace","north-pearl-name-necklace-6240","ACTIVE","1","1","0","0","DENY"
"North & Pearl Charm Keepsake Letter Necklace","north-pearl-letter-necklace-6153","ACTIVE","1","1","0","0","DENY"
"North & Pearl Layering Letter Necklace","north-pearl-letter-necklace-5572","ACTIVE","1","1","0","0","DENY"
"North & Pearl Keepsake Giftable Name Necklace","north-pearl-name-necklace-9635","ACTIVE","1","1","0","0","DENY"
"North & Pearl Classic Love Pendant","north-pearl-heart-necklace-8734","ACTIVE","1","1","0","0","DENY"
"North & Pearl Refined Chain Necklace","north-pearl-snake-chain-necklace","ACTIVE","1","1","0","0","DENY"
"North & Pearl Stackable Sparkle Bracelet","north-pearl-sparkle-bracelet-0305","ACTIVE","1","1","0","0","DENY"
"North & Pearl Sweetheart Charm Pendant","north-pearl-heart-necklace-9715","ACTIVE","1","1","0","0","DENY"
"North & Pearl Pendant Polished Initial Necklace","north-pearl-initial-necklace-8053","ACTIVE","1","1","0","0","DENY"
"North & Pearl Refined Name Jewelry Set","north-pearl-name-jewelry-set","ACTIVE","1","1","0","0","DENY"
"North & Pearl Petite Sparkle Earrings","north-pearl-sparkle-earrings","ACTIVE","1","1","0","0","DENY"
"North & Pearl Charm Giftable Name Necklace","north-pearl-name-necklace-2765","ACTIVE","1","1","0","0","DENY"
"North & Pearl Personalized Nameplate Necklace","north-pearl-personalized-nameplate-necklace","ACTIVE","1","1","0","0","DENY"
"North & Pearl Charm Refined Letter Necklace","north-pearl-letter-necklace-9014","ACTIVE","1","1","0","0","DENY"
"North & Pearl Charm Everyday Name Necklace","north-pearl-name-necklace-8045","ACTIVE","1","1","0","0","DENY"
"North & Pearl Dainty Letter Necklace","north-pearl-letter-necklace-0758","ACTIVE","1","1","0","0","DENY"
"North & Pearl Polished Initial Necklace","north-pearl-initial-necklace-1309","ACTIVE","1","1","0","0","DENY"
"North & Pearl Layering Name Necklace","north-pearl-name-necklace-1495","ACTIVE","1","1","0","0","DENY"
"North & Pearl Layering Giftable Name Necklace","north-pearl-name-necklace-8099","ACTIVE","1","1","0","0","DENY"
"North & Pearl Giftable Name Jewelry Set","north-pearl-name-jewelry-set-0376","ACTIVE","1","1","0","0","DENY"
"North & Pearl Refined Initial Necklace","north-pearl-initial-necklace-1355","ACTIVE","1","1","0","0","DENY"
"North & Pearl Keepsake Sparkle Ring","north-pearl-sparkle-ring-6187","ACTIVE","1","1","0","0","DENY"
"North & Pearl Layering Polished Initial Necklace","north-pearl-initial-necklace-8309","ACTIVE","1","1","0","0","DENY"
"North & Pearl Keepsake Bloom Necklace","north-pearl-flower-necklace-7949","ACTIVE","1","1","0","0","DENY"
"North & Pearl Layering Bead Necklace","north-pearl-bead-necklace-6379","ACTIVE","1","1","0","0","DENY"
"North & Pearl Giftable Initial Necklace","north-pearl-initial-necklace-6292","ACTIVE","1","1","0","0","DENY"
"North & Pearl Pendant Classic Name Necklace","north-pearl-name-necklace-7005","ACTIVE","1","1","0","0","DENY"
"North & Pearl Refined Bloom Bracelet","north-pearl-flower-bracelet-0924","ACTIVE","1","1","0","0","DENY"
"North & Pearl Charm Everyday Letter Necklace","north-pearl-letter-necklace-4393","ACTIVE","1","1","0","0","DENY"
"North & Pearl Dainty Love Pendant","north-pearl-heart-necklace-3910","ACTIVE","1","1","0","0","DENY"
"North & Pearl Charm Polished Initial Necklace","north-pearl-initial-necklace-6999","ACTIVE","1","1","0","0","DENY"
"North & Pearl Keepsake Letter Necklace","north-pearl-letter-necklace-1608","ACTIVE","1","1","0","0","DENY"
"North & Pearl Giftable Sparkle Bracelet","north-pearl-sparkle-bracelet-3594","ACTIVE","1","1","0","0","DENY"
"North & Pearl Pendant Giftable Name Necklace","north-pearl-name-necklace-3437","ACTIVE","1","1","0","0","DENY"
"North & Pearl Giftable Statement Ring","north-pearl-signature-ring-0279","ACTIVE","1","1","0","0","DENY"
"North & Pearl Sculpted Stud Earrings","north-pearl-stud-earrings","ACTIVE","1","1","0","0","DENY"
"North & Pearl Everyday Sparkle Necklace","north-pearl-sparkle-necklace-1704","ACTIVE","1","1","0","0","DENY"
"North & Pearl Dainty Sparkle Necklace","north-pearl-sparkle-necklace-7976","ACTIVE","1","1","0","0","DENY"
"North & Pearl Everyday Bloom Bracelet","north-pearl-flower-bracelet-6422","ACTIVE","1","1","0","0","DENY"
"North & Pearl Keepsake Name Necklace","north-pearl-name-necklace-4358","ACTIVE","1","1","0","0","DENY"
"North & Pearl Classic Letter Necklace","north-pearl-letter-necklace-5796","ACTIVE","1","1","0","0","DENY"
"North & Pearl Polished Sparkle Earrings","north-pearl-sparkle-earrings-6570","ACTIVE","1","1","0","0","DENY"
"North & Pearl Charm Everyday Sparkle Necklace","north-pearl-sparkle-necklace-2786","ACTIVE","1","1","0","0","DENY"
"North & Pearl Charm Dainty Letter Necklace","north-pearl-letter-necklace-8427","ACTIVE","1","1","0","0","DENY"
"North & Pearl Refined Letter Earrings","north-pearl-letter-earrings","ACTIVE","1","1","0","0","DENY"
"North & Pearl Pendant Keepsake Letter Necklace","north-pearl-letter-necklace-9838","ACTIVE","1","1","0","0","DENY"
"North & Pearl Statement Layering Name Necklace","north-pearl-name-necklace-9804","ACTIVE","1","1","0","0","DENY"
"North & Pearl Giftable Letter Necklace","north-pearl-letter-necklace-7036","ACTIVE","1","1","0","0","DENY"
"North & Pearl Layering Clover Bracelet","north-pearl-clover-bracelet-1367","ACTIVE","1","1","0","0","DENY"
"North & Pearl Stacking Oval Bracelet","north-pearl-signature-bracelet-9323","ACTIVE","1","1","0","0","DENY"
"North & Pearl Refined Sparkle Earrings","north-pearl-sparkle-earrings-8738","ACTIVE","1","1","0","0","DENY"
"North & Pearl Charm Dainty Initial Necklace","north-pearl-initial-necklace-2094","ACTIVE","1","1","0","0","DENY"
"North & Pearl Polished Pendant Necklace","north-pearl-signature-necklace-8214","ACTIVE","1","1","0","0","DENY"
"North & Pearl Polished Bead Earrings","north-pearl-bead-earrings-1559","ACTIVE","1","1","0","0","DENY"
"North & Pearl Giftable Letter Bracelet","north-pearl-letter-bracelet-5859","ACTIVE","1","1","0","0","DENY"
"North & Pearl Giftable Name Necklace","north-pearl-name-necklace-0020","ACTIVE","1","1","0","0","DENY"
"North & Pearl Layering Sparkle Bracelet","north-pearl-sparkle-bracelet-2159","ACTIVE","1","1","0","0","DENY"
"North & Pearl Refined Letter Necklace","north-pearl-letter-necklace-3983","ACTIVE","1","1","0","0","DENY"
"North & Pearl Polished Bloom Bracelet","north-pearl-flower-bracelet-8870","ACTIVE","1","1","0","0","DENY"
"North & Pearl Everyday Oval Bracelet","north-pearl-signature-bracelet-8272","ACTIVE","1","1","0","0","DENY"
"North & Pearl Giftable Polished Earrings","north-pearl-signature-earrings","ACTIVE","1","1","0","0","DENY"
"North & Pearl Layering Initial Necklace","north-pearl-initial-necklace-3299","ACTIVE","1","1","0","0","DENY"
"North & Pearl Sculpted Initial Ring","north-pearl-initial-ring","ACTIVE","1","1","0","0","DENY"
"North & Pearl Charm Classic Letter Necklace","north-pearl-letter-necklace-6249","ACTIVE","1","1","0","0","DENY"
"North & Pearl Refined Clover Jewelry Set","north-pearl-clover-jewelry-set","ACTIVE","1","1","0","0","DENY"
"North & Pearl Stackable Clover Bracelet","north-pearl-clover-bracelet-5386","ACTIVE","1","1","0","0","DENY"
"North & Pearl Dainty Clover Necklace","north-pearl-clover-necklace","ACTIVE","1","1","0","0","DENY"
"North & Pearl Refined Bloom Earrings","north-pearl-flower-earrings-5632","ACTIVE","1","1","0","0","DENY"
"North & Pearl Keepsake Letter Bracelet","north-pearl-letter-bracelet-4295","ACTIVE","1","1","0","0","DENY"
"North & Pearl Stacking Layering Name Necklace","north-pearl-name-necklace-8559","ACTIVE","1","1","0","0","DENY"
"North & Pearl Polished Statement Ring","north-pearl-signature-ring-7015","ACTIVE","1","1","0","0","DENY"
"North & Pearl Charm Classic Name Necklace","north-pearl-name-necklace-5568","ACTIVE","1","1","0","0","DENY"
"North & Pearl Refined Oval Bracelet","north-pearl-signature-bracelet-6682","ACTIVE","1","1","0","0","DENY"
"North & Pearl Refined Polished Earrings","north-pearl-signature-earrings-6915","ACTIVE","1","1","0","0","DENY"
"North & Pearl Polished Clover Bracelet","north-pearl-clover-bracelet-7425","ACTIVE","1","1","0","0","DENY"
"North & Pearl Giftable Jewelry Set","north-pearl-signature-jewelry-set","ACTIVE","1","1","0","0","DENY"
"North & Pearl Polished Jewelry Set","north-pearl-signature-jewelry-set-8616","ACTIVE","1","1","0","0","DENY"
"North & Pearl Stacking Giftable Sparkle Bracelet","north-pearl-sparkle-bracelet-8259","ACTIVE","1","1","0","0","DENY"
"North & Pearl Giftable Letter Earrings","north-pearl-letter-earrings-5006","ACTIVE","1","1","0","0","DENY"
"North & Pearl Charm Classic Initial Necklace","north-pearl-initial-necklace-5273","ACTIVE","1","1","0","0","DENY"