Product Handle,Product Title,Alibaba ID / URL,Source Type,Tags
north-pearl-iridescent-pendant-necklace,North & Pearl Iridescent Pendant Necklace,NEEDS_RECOVERY,missing,everyday-jewelry; gift-for-her; opal-style; pendant-necklace
north-pearl-initial-shell-necklace,North & Pearl Initial Shell Necklace,1600468137956,alibaba_id,alibaba-source-1600468137956; alibaba-sourced; alibaba-url-product-introduction-1600468137956; gift-for-her; initial-necklace; personalized; shell-style; source-alibaba
north-pearl-heart-keepsake-necklace,North & Pearl Heart Keepsake Necklace,NEEDS_RECOVERY,missing,couple-gift; gift-for-her; heart-necklace; mother-gift
north-pearl-flower-nail-bangle,North & Pearl Flower Nail Bangle,NEEDS_RECOVERY,missing,bangle; flower-bracelet; gift-for-her; new-arrival
north-pearl-color-accent-cuff,North & Pearl Color Accent Cuff,NEEDS_RECOVERY,missing,crystal-style; cuff-bracelet; gemstone-style; mother-gift
north-pearl-sparkle-accent-bracelet,North & Pearl Sparkle Accent Bracelet,NEEDS_RECOVERY,missing,bracelet; everyday-jewelry; gift-for-her; zircon-style
north-pearl-bridal-water-drop-set,North & Pearl Bridal Water Drop Set,NEEDS_RECOVERY,missing,bridal-jewelry; bridesmaid-gift; jewelry-set; wedding-gift
north-pearl-hollow-flower-bangle-set,North & Pearl Hollow Flower Bangle Set,NEEDS_RECOVERY,missing,bangle-set; flower-bracelet; gift-for-her; mother-gift
north-pearl-sparkle-pulse-bracelet,North & Pearl Sparkle Pulse Bracelet,NEEDS_RECOVERY,missing,bracelet; crystal-style; gift-for-her
north-pearl-mixed-charm-bangle,North & Pearl Mixed Charm Bangle,NEEDS_RECOVERY,missing,bangle; charm-bracelet; gift-for-her
north-pearl-pink-heart-bow-bracelet,North & Pearl Pink Heart Bow Bracelet,NEEDS_RECOVERY,missing,bow-bracelet; gift-for-her; heart-bracelet
north-pearl-dainty-flower-necklace,North & Pearl Dainty Flower Necklace,NEEDS_RECOVERY,missing,flower-necklace; gift-for-her; mother-gift
north-pearl-clover-charm-bracelet,North & Pearl Clover Charm Bracelet,NEEDS_RECOVERY,missing,charm-bracelet; clover-bracelet; gift-for-her
north-pearl-twine-band-ring,North & Pearl Twine Band Ring,NEEDS_RECOVERY,missing,gift-for-her; minimal-ring; ring
north-pearl-warm-bead-stretch-bracelet,North & Pearl Warm Bead Stretch Bracelet,NEEDS_RECOVERY,missing,bead-bracelet; gift-for-her; stackable
north-pearl-chunky-bead-bracelet,North & Pearl Chunky Bead Bracelet,NEEDS_RECOVERY,missing,bracelet; bridesmaid-gift; pearl-style
north-pearl-v-water-drop-jewelry-set,North & Pearl V Water Drop Jewelry Set,NEEDS_RECOVERY,missing,gift-for-her; jewelry-set; water-drop; wedding-gift
north-pearl-sleek-flex-bracelet,North & Pearl Sleek Flex Bracelet,1600916347288,alibaba_id,alibaba-source-1600916347288; alibaba-sourced; availability-status-visible; bracelet; claim-status-unverified; gift-for-her; sample-status-not-ordered; snake-chain-style; source-alibaba
north-pearl-sweetheart-pendant-necklace,North & Pearl Sweetheart Oval Pendant Necklace,1601617442965,alibaba_id,alibaba-source-1601617442965; alibaba-sourced; availability-status-visible; bow-style; butterfly-style; chain-style; claim-status-unverified; gift-for-her; heart-style; moon-style; necklace; pearl-style; sample-status-not-ordered; source-alibaba
north-pearl-sparkle-halo-bracelet,North & Pearl Sparkle Halo Bracelet,1601403752183,alibaba_id,alibaba-source-1601403752183; alibaba-sourced; availability-status-visible; bracelet; claim-status-unverified; crystal-style; gift-for-her; sample-status-not-ordered; source-alibaba
north-pearl-modern-statement-ring,North & Pearl Modern Statement Ring,1601427206777,alibaba_id,alibaba-source-1601427206777; alibaba-sourced; availability-status-visible; claim-status-unverified; gift-for-her; personalized; ring; sample-status-not-ordered; source-alibaba
north-pearl-heart-bracelet,North & Pearl Heart Bracelet,1601426024495,alibaba_id,alibaba-source-1601426024495; alibaba-sourced; availability-status-visible; bow-style; bracelet; claim-status-unverified; crystal-style; gift-for-her; heart-style; sample-status-not-ordered; source-alibaba
north-pearl-sparkle-row-bracelet,North & Pearl Sparkle Row Bracelet,1601120166205,alibaba_id,alibaba-source-1601120166205; alibaba-sourced; availability-status-visible; bracelet; claim-status-unverified; crystal-style; gift-for-her; personalized; sample-status-not-ordered; source-alibaba
north-pearl-smooth-flex-bracelet,North & Pearl Smooth Flex Bracelet,1601110650353,alibaba_id,alibaba-source-1601110650353; alibaba-sourced; availability-status-visible; bracelet; chain-style; claim-status-unverified; gift-for-her; sample-status-not-ordered; snake-chain-style; source-alibaba
north-pearl-bead-bracelet,North & Pearl Bead Bracelet,1601310111350,alibaba_id,alibaba-source-1601310111350; alibaba-sourced; availability-status-visible; bead-style; bracelet; claim-status-unverified; gift-for-her; sample-status-not-ordered; source-alibaba
north-pearl-sparkle-link-bracelet,North & Pearl Sparkle Link Bracelet,1601397861371,alibaba_id,alibaba-source-1601397861371; alibaba-sourced; availability-status-visible; bracelet; claim-status-unverified; crystal-style; gift-for-her; sample-status-not-ordered; source-alibaba
north-pearl-heart-charm-necklace,North & Pearl Heart Charm Necklace,1601427714000,alibaba_id,alibaba-source-1601427714000; alibaba-sourced; availability-status-visible; chain-style; claim-status-unverified; crystal-style; flower-style; gift-for-her; heart-style; necklace; sample-status-not-ordered; source-alibaba
north-pearl-bloom-charm-bracelet,North & Pearl Bloom Charm Bracelet,1601839418653,alibaba_id,alibaba-source-1601839418653; alibaba-sourced; availability-status-visible; bracelet; claim-status-unverified; clover-style; crystal-style; flower-style; gift-for-her; sample-status-not-ordered; source-alibaba
north-pearl-heart-earrings,North & Pearl Heart Earrings,1601590106500,alibaba_id,alibaba-source-1601590106500; alibaba-sourced; availability-status-visible; claim-status-unverified; crystal-style; earrings; gift-for-her; heart-style; sample-status-not-ordered; source-alibaba
north-pearl-garden-bloom-bracelet,North & Pearl Garden Bloom Bracelet,1601232488784,alibaba_id,alibaba-source-1601232488784; alibaba-sourced; availability-status-visible; bracelet; claim-status-unverified; flower-style; gift-for-her; sample-status-not-ordered; source-alibaba
north-pearl-flower-jewelry-set,North & Pearl Flower Jewelry Set,NEEDS_RECOVERY,missing,alibaba-source-11000017124129; alibaba-sourced; availability-status-visible; claim-status-unverified; clover-style; flower-style; gift-for-her; gift-set; sample-status-not-ordered; shell-style; source-alibaba
north-pearl-polished-link-bracelet,North & Pearl Polished Oval Link Bracelet,1601273120820,alibaba_id,alibaba-source-1601273120820; alibaba-sourced; availability-status-visible; bracelet; chain-style; claim-status-unverified; gift-for-her; sample-status-not-ordered; source-alibaba
north-pearl-floral-accent-bracelet,North & Pearl Floral Accent Bracelet,1601599046429,alibaba_id,alibaba-source-1601599046429; alibaba-sourced; availability-status-visible; bracelet; claim-status-unverified; flower-style; gift-for-her; sample-status-not-ordered; source-alibaba; stud-style
north-pearl-modern-drop-earrings,North & Pearl Modern Drop Earrings,1601226198460,alibaba_id,alibaba-source-1601226198460; alibaba-sourced; availability-status-visible; claim-status-unverified; earrings; gift-for-her; sample-status-not-ordered; source-alibaba
north-pearl-heart-ring,North & Pearl Heart Ring,1600409256249,alibaba_id,alibaba-source-1600409256249; alibaba-sourced; availability-status-visible; butterfly-style; claim-status-unverified; color-accent-style; gift-for-her; heart-style; personalized; ring; sample-status-not-ordered; snake-chain-style; source-alibaba; sparkle-style
north-pearl-name-necklace,North & Pearl Classic Name Necklace,1601390865562,alibaba_id,alibaba-source-1601390865562; alibaba-sourced; availability-status-visible; chain-style; claim-status-unverified; gift-for-her; name-style; necklace; personalized; sample-status-not-ordered; source-alibaba
north-pearl-heart-necklace,North & Pearl Sculpted Heart Pendant,1601370023994,alibaba_id,alibaba-source-1601370023994; alibaba-sourced; availability-status-visible; claim-status-unverified; gift-for-her; heart-style; letter-style; name-style; necklace; personalized; sample-status-not-ordered; source-alibaba
north-pearl-heart-jewelry-set,North & Pearl Heart Jewelry Set,1601207062151,alibaba_id,alibaba-source-1601207062151; alibaba-sourced; availability-status-visible; bridal-style; claim-status-unverified; gift-for-her; gift-set; heart-style; sample-status-not-ordered; source-alibaba; sparkle-style
north-pearl-signature-bracelet,North & Pearl Everyday Oval Link Bracelet,1601449107435,alibaba_id,alibaba-source-1601449107435; alibaba-sourced; availability-status-visible; bracelet; claim-status-unverified; gift-for-her; sample-status-not-ordered; source-alibaba
north-pearl-initial-necklace,North & Pearl Classic Initial Necklace,1601105172662,alibaba_id,alibaba-source-1601105172662; alibaba-sourced; availability-status-visible; claim-status-unverified; gift-for-her; initial-style; letter-style; name-style; necklace; personalized; sample-status-not-ordered; source-alibaba
north-pearl-name-necklace-6152,North & Pearl Script Floating Name Necklace,1601260556152,alibaba_id,alibaba-source-1601260556152; alibaba-sourced; availability-status-visible; claim-status-unverified; gift-for-her; name-style; necklace; personalized; sample-status-not-ordered; source-alibaba
north-pearl-initial-necklace-6868,North & Pearl Framed Initial Necklace,1601270196868,alibaba_id,alibaba-source-1601270196868; alibaba-sourced; availability-status-visible; claim-status-unverified; gift-for-her; initial-style; letter-style; necklace; personalized; sample-status-not-ordered; source-alibaba
north-pearl-sparkle-bracelet,North & Pearl Sparkle Bracelet,1601460895777,alibaba_id,alibaba-source-1601460895777; alibaba-sourced; availability-status-visible; bracelet; chain-style; claim-status-unverified; gift-for-her; sample-status-not-ordered; source-alibaba; sparkle-style
north-pearl-name-necklace-5330,North & Pearl Everyday Script Name Necklace,1600450595330,alibaba_id,alibaba-source-1600450595330; alibaba-sourced; availability-status-visible; claim-status-unverified; gift-for-her; name-style; necklace; personalized; sample-status-not-ordered; source-alibaba
north-pearl-letter-necklace-6404,North & Pearl Dainty Letter Pendant,1600093716404,alibaba_id,alibaba-source-1600093716404; alibaba-sourced; availability-status-visible; claim-status-unverified; gift-for-her; letter-style; name-style; necklace; personalized; sample-status-not-ordered; source-alibaba
north-pearl-name-necklace-7262,North & Pearl Charm Polished Name Necklace,1601846897262,alibaba_id,alibaba-source-1601846897262; alibaba-sourced; availability-status-visible; chain-style; claim-status-unverified; gift-for-her; name-style; necklace; personalized; sample-status-not-ordered; source-alibaba
north-pearl-letter-necklace-0021,North & Pearl Everyday Letter Necklace,1601521760021,alibaba_id,alibaba-source-1601521760021; alibaba-sourced; availability-status-visible; chain-style; claim-status-unverified; drop-style; gift-for-her; letter-style; name-style; necklace; personalized; sample-status-not-ordered; source-alibaba
north-pearl-sparkle-necklace-2894,North & Pearl Sparkle Drop Necklace,1601728272894,alibaba_id,alibaba-source-1601728272894; alibaba-sourced; availability-status-visible; claim-status-unverified; gift-for-her; name-style; necklace; personalized; sample-status-not-ordered; source-alibaba; sparkle-style
north-pearl-sparkle-necklace-5629,North & Pearl Sparkle Accent Necklace,1601782475629,alibaba_id,alibaba-source-1601782475629; alibaba-sourced; availability-status-visible; claim-status-unverified; gift-for-her; name-style; necklace; personalized; sample-status-not-ordered; source-alibaba; sparkle-style
north-pearl-heart-necklace-4710,North & Pearl Petite Love Pendant,1601349354710,alibaba_id,alibaba-source-1601349354710; alibaba-sourced; availability-status-visible; butterfly-style; claim-status-unverified; gift-for-her; heart-style; letter-style; necklace; personalized; sample-status-not-ordered; source-alibaba; sparkle-style
north-pearl-name-necklace-1832,North & Pearl Custom Name Pendant,1600797031832,alibaba_id,alibaba-source-1600797031832; alibaba-sourced; availability-status-visible; claim-status-unverified; gift-for-her; name-style; necklace; personalized; sample-status-not-ordered; source-alibaba
north-pearl-flower-earrings,North & Pearl Flower Earrings,1601211639171,alibaba_id,alibaba-source-1601211639171; alibaba-sourced; availability-status-visible; claim-status-unverified; earrings; flower-style; gift-for-her; sample-status-not-ordered; source-alibaba
north-pearl-name-necklace-4075,North & Pearl Floating Script Name Necklace,1601427854075,alibaba_id,alibaba-source-1601427854075; alibaba-sourced; availability-status-visible; chain-style; claim-status-unverified; gift-for-her; name-style; necklace; personalized; sample-status-not-ordered; source-alibaba
north-pearl-name-necklace-2338,North & Pearl Custom Script Pendant,1600263322338,alibaba_id,alibaba-source-1600263322338; alibaba-sourced; availability-status-visible; claim-status-unverified; gift-for-her; name-style; necklace; personalized; sample-status-not-ordered; source-alibaba
north-pearl-initial-necklace-6130,North & Pearl Dainty Initial Charm,1600214606130,alibaba_id,alibaba-source-1600214606130; alibaba-sourced; availability-status-visible; claim-status-unverified; gift-for-her; initial-style; letter-style; necklace; personalized; sample-status-not-ordered; source-alibaba
north-pearl-clover-earrings,North & Pearl Clover Earrings,1601606910497,alibaba_id,alibaba-source-1601606910497; alibaba-sourced; availability-status-visible; claim-status-unverified; clover-style; earrings; gift-for-her; sample-status-not-ordered; source-alibaba
north-pearl-letter-necklace-9008,North & Pearl Polished Letter Necklace,NEEDS_RECOVERY,missing,alibaba-source-60733359008; alibaba-sourced; availability-status-visible; claim-status-unverified; gift-for-her; letter-style; name-style; necklace; personalized; sample-status-not-ordered; source-alibaba
north-pearl-clover-bracelet,North & Pearl Clover Bracelet,1601205044765,alibaba_id,alibaba-source-1601205044765; alibaba-sourced; availability-status-visible; bracelet; chain-style; claim-status-unverified; clover-style; gift-for-her; sample-status-not-ordered; source-alibaba; tennis-style
north-pearl-sparkle-ring-4269,North & Pearl Polished Sparkle Ring,1600487604269,alibaba_id,alibaba-source-1600487604269; alibaba-sourced; availability-status-visible; claim-status-unverified; gift-for-her; ring; sample-status-not-ordered; source-alibaba; sparkle-style
north-pearl-water-drop-jewelry-set,North & Pearl Water Drop Jewelry Set,1601681796890,alibaba_id,alibaba-source-1601681796890; alibaba-sourced; availability-status-visible; claim-status-unverified; drop-style; gift-for-her; gift-set; hoop-style; huggie-style; sample-status-not-ordered; source-alibaba; water-drop-style
north-pearl-heart-necklace-1947,North & Pearl Sweet Heart Keepsake Necklace,1600985111947,alibaba_id,alibaba-source-1600985111947; alibaba-sourced; availability-status-visible; chain-style; claim-status-unverified; gift-for-her; heart-style; name-style; necklace; personalized; sample-status-not-ordered; source-alibaba
north-pearl-name-necklace-1996,North & Pearl Refined Script Name Necklace,1601665401996,alibaba_id,alibaba-source-1601665401996; alibaba-sourced; availability-status-visible; claim-status-unverified; gift-for-her; name-style; necklace; personalized; sample-status-not-ordered; source-alibaba
north-pearl-initial-necklace-1814,North & Pearl Layered Initial Necklace,1601712111814,alibaba_id,alibaba-source-1601712111814; alibaba-sourced; availability-status-visible; claim-status-unverified; gift-for-her; initial-style; name-style; necklace; personalized; sample-status-not-ordered; source-alibaba
north-pearl-chain-bracelet,North & Pearl Oval Link Bracelet,1600062012022,alibaba_id,alibaba-source-1600062012022; alibaba-sourced; availability-status-visible; bracelet; chain-style; claim-status-unverified; gift-for-her; sample-status-not-ordered; source-alibaba
north-pearl-bead-earrings,North & Pearl Bead Earrings,1601734287225,alibaba_id,alibaba-source-1601734287225; alibaba-sourced; availability-status-visible; bead-style; claim-status-unverified; earrings; gift-for-her; sample-status-not-ordered; source-alibaba
north-pearl-letter-necklace-4171,North & Pearl Minimal Letter Pendant,1601191814171,alibaba_id,alibaba-source-1601191814171; alibaba-sourced; availability-status-visible; claim-status-unverified; gift-for-her; letter-style; name-style; necklace; personalized; sample-status-not-ordered; source-alibaba
north-pearl-snake-chain-bracelet,North & Pearl Smooth Layering Bracelet,1601223920431,alibaba_id,alibaba-source-1601223920431; alibaba-sourced; availability-status-visible; bracelet; chain-style; claim-status-unverified; gift-for-her; sample-status-not-ordered; snake-chain-style; source-alibaba
north-pearl-bead-jewelry-set,North & Pearl Bead Jewelry Set,1601259384734,alibaba_id,alibaba-source-1601259384734; alibaba-sourced; availability-status-visible; bead-style; chain-style; claim-status-unverified; gift-for-her; gift-set; sample-status-not-ordered; source-alibaba
north-pearl-initial-necklace-6010,North & Pearl Polished Initial Pendant,1601259086010,alibaba_id,alibaba-source-1601259086010; alibaba-sourced; availability-status-visible; claim-status-unverified; gift-for-her; initial-style; letter-style; necklace; personalized; sample-status-not-ordered; source-alibaba
north-pearl-name-necklace-6429,North & Pearl Giftable Script Name Necklace,1601291736429,alibaba_id,alibaba-source-1601291736429; alibaba-sourced; availability-status-visible; claim-status-unverified; drop-style; gift-for-her; name-style; necklace; personalized; sample-status-not-ordered; source-alibaba
north-pearl-heart-necklace-7284,North & Pearl Sculpted Heart Pendant Necklace,1601794627284,alibaba_id,alibaba-source-1601794627284; alibaba-sourced; availability-status-visible; birth-month-style; claim-status-unverified; draft-candidate; gauss-next-50; gift-for-her; heart-style; launch-review; name-style; necklace; needs-faraday-review; needs-kuhn-review; personalized; sample-status-not-ordered; source-alibaba
north-pearl-name-necklace-0389,North & Pearl Heirloom Script Name Necklace,1601390370389,alibaba_id,alibaba-source-1601390370389; alibaba-sourced; availability-status-visible; chain-style; claim-status-unverified; draft-candidate; gauss-next-50; gift-for-her; launch-review; name-style; necklace; needs-faraday-review; needs-kuhn-review; personalized; sample-status-not-ordered; source-alibaba
north-pearl-heart-necklace-2260,North & Pearl Sweetheart Drop Pendant Necklace,1601837852260,alibaba_id,alibaba-source-1601837852260; alibaba-sourced; availability-status-visible; claim-status-unverified; draft-candidate; drop-style; gauss-next-50; gift-for-her; heart-style; launch-review; name-style; necklace; needs-faraday-review; needs-kuhn-review; personalized; sample-status-not-ordered; source-alibaba
north-pearl-heart-earrings-5822,North & Pearl Petite Heart Earrings,1601199265822,alibaba_id,alibaba-source-1601199265822; alibaba-sourced; availability-status-visible; claim-status-unverified; draft-candidate; earrings; gauss-next-50; gift-for-her; heart-style; launch-review; needs-faraday-review; needs-kuhn-review; sample-status-not-ordered; source-alibaba
north-pearl-clover-bracelet-1195,North & Pearl Clover Link Bracelet,1601495141195,alibaba_id,alibaba-source-1601495141195; alibaba-sourced; availability-status-visible; bracelet; chain-style; claim-status-unverified; clover-style; draft-candidate; gauss-next-50; gift-for-her; launch-review; needs-faraday-review; needs-kuhn-review; sample-status-not-ordered; source-alibaba; tennis-style
north-pearl-letter-necklace-0689,North & Pearl Dainty Letter Tag Necklace,1601716610689,alibaba_id,alibaba-source-1601716610689; alibaba-sourced; availability-status-visible; claim-status-unverified; draft-candidate; gauss-next-50; gift-for-her; launch-review; letter-style; name-style; necklace; needs-faraday-review; needs-kuhn-review; personalized; sample-status-not-ordered; source-alibaba
north-pearl-heart-necklace-2923,North & Pearl Keepsake Heart Pendant Necklace,1601846852923,alibaba_id,alibaba-source-1601846852923; alibaba-sourced; availability-status-visible; claim-status-unverified; draft-candidate; gauss-next-50; gift-for-her; heart-style; launch-review; name-style; necklace; needs-faraday-review; needs-kuhn-review; personalized; sample-status-not-ordered; source-alibaba
north-pearl-bead-bracelet-0492,North & Pearl Beaded Keepsake Bracelet,1601236430492,alibaba_id,alibaba-source-1601236430492; alibaba-sourced; availability-status-visible; bead-style; bracelet; claim-status-unverified; draft-candidate; gauss-next-50; gift-for-her; launch-review; needs-faraday-review; needs-kuhn-review; sample-status-not-ordered; source-alibaba
north-pearl-name-necklace-4242,North & Pearl Everyday Classic Name Necklace,1600764544242,alibaba_id,alibaba-source-1600764544242; alibaba-sourced; availability-status-visible; chain-style; claim-status-unverified; draft-candidate; gauss-next-50; gift-for-her; launch-review; name-style; necklace; needs-faraday-review; needs-kuhn-review; personalized; sample-status-not-ordered; snake-chain-style; source-alibaba
north-pearl-letter-necklace-4810,North & Pearl Polished Letter Pendant Necklace,1600558074810,alibaba_id,alibaba-source-1600558074810; alibaba-sourced; availability-status-visible; claim-status-unverified; draft-candidate; drop-style; gauss-next-50; gift-for-her; launch-review; letter-style; name-style; necklace; needs-faraday-review; needs-kuhn-review; personalized; sample-status-not-ordered; source-alibaba
north-pearl-initial-necklace-6142,North & Pearl Framed Initial Pendant Necklace,1601689666142,alibaba_id,alibaba-source-1601689666142; alibaba-sourced; availability-status-visible; chain-style; claim-status-unverified; draft-candidate; gauss-next-50; gift-for-her; initial-style; launch-review; name-style; necklace; needs-faraday-review; needs-kuhn-review; personalized; sample-status-not-ordered; source-alibaba
north-pearl-initial-necklace-4829,North & Pearl Classic Initial Charm Necklace,NEEDS_RECOVERY,missing,alibaba-source-1700010604829; alibaba-sourced; availability-status-visible; claim-status-unverified; draft-candidate; gauss-next-50; gift-for-her; initial-style; launch-review; name-style; necklace; needs-faraday-review; needs-kuhn-review; personalized; sample-status-not-ordered; source-alibaba
north-pearl-letter-necklace-2555,North & Pearl Statement Letter Pendant Necklace,1601834722555,alibaba_id,alibaba-source-1601834722555; alibaba-sourced; availability-status-visible; claim-status-unverified; draft-candidate; gauss-next-50; gift-for-her; launch-review; letter-style; name-style; necklace; needs-faraday-review; needs-kuhn-review; personalized; sample-status-not-ordered; source-alibaba
north-pearl-name-necklace-1616,North & Pearl Script Classic Name Necklace,1600691571616,alibaba_id,alibaba-source-1600691571616; alibaba-sourced; availability-status-visible; claim-status-unverified; draft-candidate; gauss-next-50; gift-for-her; launch-review; name-style; necklace; needs-faraday-review; needs-kuhn-review; personalized; sample-status-not-ordered; source-alibaba
north-pearl-name-necklace-8213,North & Pearl Nameplate Charm Necklace,NEEDS_RECOVERY,missing,alibaba-source-62121288213; alibaba-sourced; availability-status-visible; chain-style; claim-status-unverified; draft-candidate; gauss-next-50; gift-for-her; launch-review; name-style; necklace; needs-faraday-review; needs-kuhn-review; personalized; sample-status-not-ordered; source-alibaba
north-pearl-initial-necklace-4204,North & Pearl Minimal Initial Pendant Necklace,1601583124204,alibaba_id,alibaba-source-1601583124204; alibaba-sourced; availability-status-visible; claim-status-unverified; draft-candidate; gauss-next-50; gift-for-her; initial-style; launch-review; name-style; necklace; needs-faraday-review; needs-kuhn-review; personalized; sample-status-not-ordered; source-alibaba
north-pearl-name-necklace-7562,North & Pearl Custom Script Name Necklace,1600504737562,alibaba_id,alibaba-source-1600504737562; alibaba-sourced; availability-status-visible; chain-style; claim-status-unverified; draft-candidate; gauss-next-50; gift-for-her; launch-review; name-style; necklace; needs-faraday-review; needs-kuhn-review; personalized; sample-status-not-ordered; source-alibaba
north-pearl-heart-necklace-0474,North & Pearl Petite Heart Charm Necklace,1601848550474,alibaba_id,alibaba-source-1601848550474; alibaba-sourced; availability-status-visible; chain-style; claim-status-unverified; draft-candidate; gauss-next-50; gift-for-her; heart-style; launch-review; name-style; necklace; needs-faraday-review; needs-kuhn-review; personalized; sample-status-not-ordered; source-alibaba
north-pearl-letter-necklace-2156,North & Pearl Everyday Letter Charm Necklace,1601525962156,alibaba_id,alibaba-source-1601525962156; alibaba-sourced; availability-status-visible; chain-style; claim-status-unverified; draft-candidate; drop-style; gauss-next-50; gift-for-her; launch-review; letter-style; name-style; necklace; needs-faraday-review; needs-kuhn-review; personalized; sample-status-not-ordered; source-alibaba
north-pearl-initial-necklace-8531,North & Pearl Layering Dainty Initial Necklace,1600958108531,alibaba_id,alibaba-source-1600958108531; alibaba-sourced; availability-status-visible; claim-status-unverified; draft-candidate; gauss-next-50; gift-for-her; initial-style; launch-review; name-style; necklace; needs-faraday-review; needs-kuhn-review; personalized; sample-status-not-ordered; source-alibaba
north-pearl-heart-necklace-3361,North & Pearl Open Heart Pendant Necklace,1601195203361,alibaba_id,alibaba-source-1601195203361; alibaba-sourced; availability-status-visible; bead-style; butterfly-style; claim-status-unverified; draft-candidate; gauss-next-50; gift-for-her; heart-style; initial-style; launch-review; letter-style; moon-style; necklace; needs-faraday-review; needs-kuhn-review; personalized; sample-status-not-ordered; source-alibaba; sparkle-style
north-pearl-heart-necklace-1404,North & Pearl Rounded Heart Pendant Necklace,1601043081404,alibaba_id,alibaba-source-1601043081404; alibaba-sourced; availability-status-visible; claim-status-unverified; draft-candidate; gauss-next-50; gift-for-her; heart-style; launch-review; name-style; necklace; needs-faraday-review; needs-kuhn-review; personalized; sample-status-not-ordered; source-alibaba
north-pearl-clover-bracelet-4268,North & Pearl Clover Station Bracelet,1601588314268,alibaba_id,alibaba-source-1601588314268; alibaba-sourced; availability-status-visible; bracelet; claim-status-unverified; clover-style; draft-candidate; gauss-next-50; gift-for-her; launch-review; needs-faraday-review; needs-kuhn-review; sample-status-not-ordered; source-alibaba; sparkle-style
north-pearl-letter-necklace-1571,North & Pearl Petite Letter Necklace,NEEDS_RECOVERY,missing,alibaba-source-62447621571; alibaba-sourced; availability-status-visible; claim-status-unverified; draft-candidate; gauss-next-50; gift-for-her; launch-review; letter-style; name-style; necklace; needs-faraday-review; needs-kuhn-review; personalized; sample-status-not-ordered; source-alibaba
north-pearl-name-necklace-1956,North & Pearl Floating Nameplate Necklace,1600293661956,alibaba_id,alibaba-source-1600293661956; alibaba-sourced; availability-status-visible; claim-status-unverified; draft-candidate; drop-style; gauss-next-50; gift-for-her; launch-review; name-style; necklace; needs-faraday-review; needs-kuhn-review; personalized; sample-status-not-ordered; source-alibaba
north-pearl-bead-necklace,North & Pearl Beaded Layering Necklace,1601276295310,alibaba_id,alibaba-source-1601276295310; alibaba-sourced; availability-status-visible; bead-style; claim-status-unverified; draft-candidate; gauss-next-50; gift-for-her; launch-review; necklace; needs-faraday-review; needs-kuhn-review; sample-status-not-ordered; source-alibaba
north-pearl-letter-necklace-1755,North & Pearl Layered Letter Necklace,1601782281755,alibaba_id,alibaba-source-1601782281755; alibaba-sourced; availability-status-visible; chain-style; claim-status-unverified; draft-candidate; gauss-next-50; gift-for-her; launch-review; letter-style; name-style; necklace; needs-faraday-review; needs-kuhn-review; personalized; sample-status-not-ordered; source-alibaba
north-pearl-letter-necklace-2210,North & Pearl Slim Letter Pendant Necklace,1600876242210,alibaba_id,alibaba-source-1600876242210; alibaba-sourced; availability-status-visible; claim-status-unverified; draft-candidate; gauss-next-50; gift-for-her; launch-review; letter-style; name-style; necklace; needs-faraday-review; needs-kuhn-review; personalized; sample-status-not-ordered; source-alibaba
north-pearl-heart-ring-7637,North & Pearl Heart Accent Ring,NEEDS_RECOVERY,missing,alibaba-source-62383677637; alibaba-sourced; availability-status-visible; claim-status-unverified; draft-candidate; gauss-next-50; gift-for-her; heart-style; launch-review; needs-faraday-review; needs-kuhn-review; ring; sample-status-not-ordered; source-alibaba; sparkle-style
north-pearl-name-necklace-8379,North & Pearl Giftable Nameplate Necklace,1601290258379,alibaba_id,alibaba-source-1601290258379; alibaba-sourced; availability-status-visible; claim-status-unverified; draft-candidate; gauss-next-50; gift-for-her; launch-review; name-style; necklace; needs-faraday-review; needs-kuhn-review; personalized; sample-status-not-ordered; source-alibaba
north-pearl-name-necklace-5921,North & Pearl Polished Name Pendant Necklace,NEEDS_RECOVERY,missing,alibaba-source-62496465921; alibaba-sourced; availability-status-visible; claim-status-unverified; draft-candidate; gauss-next-50; gift-for-her; launch-review; name-style; necklace; needs-faraday-review; needs-kuhn-review; personalized; sample-status-not-ordered; source-alibaba
north-pearl-flower-necklace,North & Pearl Bloom Pendant Necklace,1600375026459,alibaba_id,alibaba-source-1600375026459; alibaba-sourced; availability-status-visible; claim-status-unverified; draft-candidate; flower-style; gauss-next-50; gift-for-her; launch-review; name-style; necklace; needs-faraday-review; needs-kuhn-review; personalized; sample-status-not-ordered; source-alibaba
north-pearl-initial-necklace-3226,North & Pearl Block Initial Necklace,1600912413226,alibaba_id,alibaba-source-1600912413226; alibaba-sourced; availability-status-visible; claim-status-unverified; draft-candidate; gauss-next-50; gift-for-her; initial-style; launch-review; name-style; necklace; needs-faraday-review; needs-kuhn-review; personalized; sample-status-not-ordered; source-alibaba
north-pearl-name-necklace-7245,North & Pearl Personal Name Necklace,NEEDS_RECOVERY,missing,alibaba-source-11000005677245; alibaba-sourced; availability-status-visible; butterfly-style; claim-status-unverified; draft-candidate; gauss-next-50; gift-for-her; launch-review; name-style; necklace; needs-faraday-review; needs-kuhn-review; personalized; sample-status-not-ordered; source-alibaba
north-pearl-name-necklace-6301,North & Pearl Fine Script Name Necklace,1600993826301,alibaba_id,alibaba-source-1600993826301; alibaba-sourced; availability-status-visible; claim-status-unverified; draft-candidate; gauss-next-50; gift-for-her; launch-review; name-style; necklace; needs-faraday-review; needs-kuhn-review; personalized; sample-status-not-ordered; source-alibaba
north-pearl-bead-bracelet-3656,North & Pearl Polished Bead Bracelet,1601617443656,alibaba_id,alibaba-source-1601617443656; alibaba-sourced; availability-status-visible; bead-style; bracelet; claim-status-unverified; draft-candidate; gauss-next-50; gift-for-her; launch-review; needs-faraday-review; needs-kuhn-review; sample-status-not-ordered; source-alibaba; sparkle-style
north-pearl-signature-bracelet-1724,North & Pearl Everyday Rounded Link Bracelet,1601056661724,alibaba_id,alibaba-source-1601056661724; alibaba-sourced; availability-status-visible; bracelet; claim-status-unverified; draft-candidate; gauss-next-50; gift-for-her; launch-review; needs-faraday-review; needs-kuhn-review; sample-status-not-ordered; source-alibaba
north-pearl-letter-necklace-3046,North & Pearl Framed Letter Necklace,1600458633046,alibaba_id,alibaba-source-1600458633046; alibaba-sourced; availability-status-visible; claim-status-unverified; draft-candidate; gauss-next-50; gift-for-her; launch-review; letter-style; name-style; necklace; needs-faraday-review; needs-kuhn-review; personalized; sample-status-not-ordered; source-alibaba
north-pearl-name-necklace-6441,North & Pearl Refined Nameplate Necklace,1600948536441,alibaba_id,alibaba-source-1600948536441; alibaba-sourced; availability-status-visible; claim-status-unverified; draft-candidate; gauss-next-50; gift-for-her; launch-review; name-style; necklace; needs-faraday-review; needs-kuhn-review; personalized; sample-status-not-ordered; source-alibaba
north-pearl-initial-necklace-2758,North & Pearl Simple Initial Pendant Necklace,1600962252758,alibaba_id,alibaba-source-1600962252758; alibaba-sourced; availability-status-visible; claim-status-unverified; draft-candidate; gauss-next-50; gift-for-her; initial-style; launch-review; letter-style; necklace; needs-faraday-review; needs-kuhn-review; personalized; sample-status-not-ordered; source-alibaba
north-pearl-name-necklace-6376,North & Pearl Modern Name Necklace,1601722986376,alibaba_id,alibaba-source-1601722986376; alibaba-sourced; availability-status-visible; claim-status-unverified; draft-candidate; gauss-next-50; gift-for-her; launch-review; name-style; necklace; needs-faraday-review; needs-kuhn-review; personalized; sample-status-not-ordered; source-alibaba
north-pearl-name-necklace-8628,North & Pearl Charm Keepsake Name Necklace,1601641278628,alibaba_id,alibaba-source-1601641278628; alibaba-sourced; availability-status-visible; claim-status-unverified; draft-candidate; gauss-next-50; gift-for-her; launch-review; name-style; necklace; needs-faraday-review; needs-kuhn-review; personalized; sample-status-not-ordered; source-alibaba
north-pearl-name-necklace-0823,North & Pearl Luxe Name Pendant Necklace,1601276010823,alibaba_id,alibaba-source-1601276010823; alibaba-sourced; availability-status-visible; claim-status-unverified; draft-candidate; gauss-next-50; gift-for-her; launch-review; name-style; necklace; needs-faraday-review; needs-kuhn-review; personalized; sample-status-not-ordered; source-alibaba
north-pearl-name-necklace-5254,North & Pearl Dainty Name Pendant Necklace,1601525845254,alibaba_id,alibaba-source-1601525845254; alibaba-sourced; availability-status-visible; claim-status-unverified; draft-candidate; drop-style; gauss-next-50; gift-for-her; launch-review; name-style; necklace; needs-faraday-review; needs-kuhn-review; personalized; sample-status-not-ordered; source-alibaba
north-pearl-sparkle-necklace-9390,North & Pearl Sparkle Pendant Necklace,1601150229390,alibaba_id,alibaba-source-1601150229390; alibaba-sourced; availability-status-visible; claim-status-unverified; draft-candidate; gauss-next-50; gift-for-her; launch-review; name-style; necklace; needs-faraday-review; needs-kuhn-review; personalized; sample-status-not-ordered; source-alibaba; sparkle-style
north-pearl-letter-necklace-7676,North & Pearl Framed Heirloom Letter Necklace,NEEDS_RECOVERY,missing,alibaba-source-62239927676; alibaba-sourced; availability-status-visible; bow-style; claim-status-unverified; draft-candidate; gauss-next-50; gift-for-her; launch-review; letter-style; name-style; necklace; needs-faraday-review; needs-kuhn-review; personalized; sample-status-not-ordered; source-alibaba
north-pearl-signature-bracelet-6593,North & Pearl Polished Statement Link Bracelet,1601001616593,alibaba_id,alibaba-source-1601001616593; alibaba-sourced; availability-status-visible; bracelet; claim-status-unverified; draft-candidate; gauss-next-50; gift-for-her; launch-review; needs-faraday-review; needs-kuhn-review; sample-status-not-ordered; source-alibaba
north-pearl-heart-earrings-5815,North & Pearl Sweetheart Drop Earrings,1600874215815,alibaba_id,alibaba-source-1600874215815; alibaba-sourced; availability-status-visible; claim-status-unverified; draft-candidate; earrings; gauss-next-50; gift-for-her; heart-style; launch-review; needs-faraday-review; needs-kuhn-review; sample-status-not-ordered; source-alibaba
north-pearl-sparkle-bracelet-6794,North & Pearl Sparkle Stacking Bracelet,1601046346794,alibaba_id,alibaba-source-1601046346794; alibaba-sourced; availability-status-visible; bracelet; catalog-expanded; claim-status-unverified; gauss-next-100; gauss-next-100-live; gift-for-her; launch-review; new-arrival; sample-status-not-ordered; source-alibaba; sparkle-style
north-pearl-initial-necklace-7793,North & Pearl Pendant Dainty Initial Necklace,1601853387793,alibaba_id,alibaba-source-1601853387793; alibaba-sourced; availability-status-visible; catalog-expanded; claim-status-unverified; gauss-next-100; gauss-next-100-live; gift-for-her; initial-style; launch-review; letter-style; necklace; new-arrival; personalized; sample-status-not-ordered; source-alibaba
north-pearl-heart-necklace-2948,North & Pearl Polished Love Pendant,1601843992948,alibaba_id,alibaba-source-1601843992948; alibaba-sourced; availability-status-visible; birth-month-style; catalog-expanded; claim-status-unverified; gauss-next-100; gauss-next-100-live; gift-for-her; heart-style; launch-review; letter-style; name-style; necklace; new-arrival; personalized; sample-status-not-ordered; source-alibaba
north-pearl-signature-ring,North & Pearl Minimal Statement Ring,1601580044510,alibaba_id,alibaba-source-1601580044510; alibaba-sourced; availability-status-visible; catalog-expanded; claim-status-unverified; gauss-next-100; gauss-next-100-live; gift-for-her; launch-review; new-arrival; ring; sample-status-not-ordered; source-alibaba
north-pearl-flower-bracelet,North & Pearl Giftable Bloom Bracelet,1601488520548,alibaba_id,alibaba-source-1601488520548; alibaba-sourced; availability-status-visible; bracelet; catalog-expanded; chain-style; claim-status-unverified; flower-style; gauss-next-100; gauss-next-100-live; gift-for-her; launch-review; new-arrival; sample-status-not-ordered; source-alibaba
north-pearl-tennis-bracelet,North & Pearl Sculpted Tennis Bracelet,1601063687886,alibaba_id,alibaba-source-1601063687886; alibaba-sourced; availability-status-visible; bracelet; catalog-expanded; chain-style; claim-status-unverified; gauss-next-100; gauss-next-100-live; gift-for-her; launch-review; new-arrival; sample-status-not-ordered; source-alibaba; tennis-style
north-pearl-sparkle-necklace-3170,North & Pearl Classic Sparkle Necklace,1601307633170,alibaba_id,alibaba-source-1601307633170; alibaba-sourced; availability-status-visible; catalog-expanded; chain-style; claim-status-unverified; drop-style; gauss-next-100; gauss-next-100-live; gift-for-her; launch-review; letter-style; name-style; necklace; new-arrival; personalized; sample-status-not-ordered; source-alibaba; sparkle-style
north-pearl-initial-necklace-4625,North & Pearl Charm Refined Initial Necklace,1601310144625,alibaba_id,alibaba-source-1601310144625; alibaba-sourced; availability-status-visible; catalog-expanded; chain-style; claim-status-unverified; drop-style; gauss-next-100; gauss-next-100-live; gift-for-her; initial-style; launch-review; letter-style; name-style; necklace; new-arrival; personalized; sample-status-not-ordered; source-alibaba
north-pearl-name-necklace-4975,North & Pearl Everyday Name Necklace,1600194854975,alibaba_id,alibaba-source-1600194854975; alibaba-sourced; availability-status-visible; catalog-expanded; claim-status-unverified; gauss-next-100; gauss-next-100-live; gift-for-her; launch-review; name-style; necklace; new-arrival; personalized; sample-status-not-ordered; source-alibaba
north-pearl-initial-necklace-0100,North & Pearl Dainty Initial Necklace,1601570640100,alibaba_id,alibaba-source-1601570640100; alibaba-sourced; availability-status-visible; catalog-expanded; claim-status-unverified; gauss-next-100; gauss-next-100-live; gift-for-her; initial-style; launch-review; necklace; new-arrival; personalized; sample-status-not-ordered; source-alibaba
north-pearl-name-necklace-6240,North & Pearl Polished Name Necklace,1601827836240,alibaba_id,alibaba-source-1601827836240; alibaba-sourced; availability-status-visible; catalog-expanded; claim-status-unverified; gauss-next-100; gauss-next-100-live; gift-for-her; launch-review; name-style; necklace; new-arrival; personalized; sample-status-not-ordered; source-alibaba
north-pearl-letter-necklace-6153,North & Pearl Charm Keepsake Letter Necklace,1600322696153,alibaba_id,alibaba-source-1600322696153; alibaba-sourced; availability-status-visible; catalog-expanded; claim-status-unverified; gauss-next-100; gauss-next-100-live; gift-for-her; launch-review; letter-style; name-style; necklace; new-arrival; personalized; sample-status-not-ordered; source-alibaba
north-pearl-letter-necklace-5572,North & Pearl Layering Letter Necklace,1600923985572,alibaba_id,alibaba-source-1600923985572; alibaba-sourced; availability-status-visible; catalog-expanded; claim-status-unverified; gauss-next-100; gauss-next-100-live; gift-for-her; launch-review; letter-style; name-style; necklace; new-arrival; personalized; sample-status-not-ordered; source-alibaba
north-pearl-name-necklace-9635,North & Pearl Keepsake Giftable Name Necklace,NEEDS_RECOVERY,missing,alibaba-source-62159779635; alibaba-sourced; availability-status-visible; catalog-expanded; claim-status-unverified; gauss-next-100; gauss-next-100-live; gift-for-her; launch-review; name-style; necklace; new-arrival; personalized; sample-status-not-ordered; source-alibaba
north-pearl-heart-necklace-8734,North & Pearl Classic Love Pendant,1601099288734,alibaba_id,alibaba-source-1601099288734; alibaba-sourced; availability-status-visible; catalog-expanded; claim-status-unverified; gauss-next-100; gauss-next-100-live; gift-for-her; heart-style; launch-review; necklace; new-arrival; sample-status-not-ordered; source-alibaba
north-pearl-snake-chain-necklace,North & Pearl Refined Chain Necklace,1601383578359,alibaba_id,alibaba-source-1601383578359; alibaba-sourced; availability-status-visible; catalog-expanded; chain-style; claim-status-unverified; gauss-next-100; gauss-next-100-live; gift-for-her; launch-review; necklace; new-arrival; sample-status-not-ordered; snake-chain-style; source-alibaba
north-pearl-sparkle-bracelet-0305,North & Pearl Stackable Sparkle Bracelet,1601444300305,alibaba_id,alibaba-source-1601444300305; alibaba-sourced; availability-status-visible; bracelet; butterfly-style; catalog-expanded; claim-status-unverified; gauss-next-100; gauss-next-100-live; gift-for-her; launch-review; new-arrival; personalized; sample-status-not-ordered; source-alibaba; sparkle-style
north-pearl-heart-necklace-9715,North & Pearl Sweetheart Charm Pendant,1601271649715,alibaba_id,alibaba-source-1601271649715; alibaba-sourced; availability-status-visible; catalog-expanded; claim-status-unverified; gauss-next-100; gauss-next-100-live; gift-for-her; heart-style; launch-review; name-style; necklace; new-arrival; personalized; sample-status-not-ordered; source-alibaba
north-pearl-initial-necklace-8053,North & Pearl Pendant Polished Initial Necklace,1601523458053,alibaba_id,alibaba-source-1601523458053; alibaba-sourced; availability-status-visible; catalog-expanded; claim-status-unverified; drop-style; gauss-next-100; gauss-next-100-live; gift-for-her; initial-style; launch-review; name-style; necklace; new-arrival; personalized; sample-status-not-ordered; source-alibaba
north-pearl-name-jewelry-set,North & Pearl Refined Name Jewelry Set,1601681092874,alibaba_id,alibaba-source-1601681092874; alibaba-sourced; availability-status-visible; catalog-expanded; chain-style; claim-status-unverified; gauss-next-100; gauss-next-100-live; gift-for-her; gift-set; launch-review; name-style; new-arrival; personalized; sample-status-not-ordered; source-alibaba
north-pearl-sparkle-earrings,North & Pearl Petite Sparkle Earrings,1600975782596,alibaba_id,alibaba-source-1600975782596; alibaba-sourced; availability-status-visible; catalog-expanded; claim-status-unverified; earrings; gauss-next-100; gauss-next-100-live; gift-for-her; hoop-style; huggie-style; launch-review; new-arrival; sample-status-not-ordered; source-alibaba; sparkle-style
north-pearl-name-necklace-2765,North & Pearl Charm Giftable Name Necklace,1601304922765,alibaba_id,alibaba-source-1601304922765; alibaba-sourced; availability-status-visible; catalog-expanded; chain-style; claim-status-unverified; gauss-next-100; gauss-next-100-live; gift-for-her; launch-review; name-style; necklace; new-arrival; personalized; sample-status-not-ordered; source-alibaba
north-pearl-personalized-nameplate-necklace,North & Pearl Personalized Nameplate Necklace,1601721496131,alibaba_id,alibaba-source-1601721496131; alibaba-sourced; availability-status-visible; catalog-expanded; claim-status-unverified; gauss-next-100; gauss-next-100-live; gift-for-her; launch-review; letter-style; name-necklace; name-style; necklace; new-arrival; personalized; sample-status-not-ordered; source-alibaba
north-pearl-letter-necklace-9014,North & Pearl Charm Refined Letter Necklace,1600614789014,alibaba_id,alibaba-source-1600614789014; alibaba-sourced; availability-status-visible; catalog-expanded; claim-status-unverified; gauss-next-100; gauss-next-100-live; gift-for-her; launch-review; letter-style; necklace; new-arrival; personalized; sample-status-not-ordered; source-alibaba
north-pearl-name-necklace-8045,North & Pearl Charm Everyday Name Necklace,1601594088045,alibaba_id,alibaba-source-1601594088045; alibaba-sourced; availability-status-visible; catalog-expanded; chain-style; claim-status-unverified; gauss-next-100; gauss-next-100-live; gift-for-her; launch-review; name-style; necklace; new-arrival; personalized; sample-status-not-ordered; source-alibaba
north-pearl-letter-necklace-0758,North & Pearl Dainty Letter Necklace,1601262520758,alibaba_id,alibaba-source-1601262520758; alibaba-sourced; availability-status-visible; catalog-expanded; claim-status-unverified; gauss-next-100; gauss-next-100-live; gift-for-her; launch-review; letter-style; name-style; necklace; new-arrival; personalized; sample-status-not-ordered; source-alibaba
north-pearl-initial-necklace-1309,North & Pearl Polished Initial Necklace,1600860121309,alibaba_id,alibaba-source-1600860121309; alibaba-sourced; availability-status-visible; catalog-expanded; claim-status-unverified; gauss-next-100; gauss-next-100-live; gift-for-her; initial-style; launch-review; letter-style; name-style; necklace; new-arrival; personalized; sample-status-not-ordered; source-alibaba
north-pearl-name-necklace-1495,North & Pearl Layering Name Necklace,1601290071495,alibaba_id,alibaba-source-1601290071495; alibaba-sourced; availability-status-visible; catalog-expanded; claim-status-unverified; gauss-next-100; gauss-next-100-live; gift-for-her; launch-review; name-style; necklace; new-arrival; personalized; sample-status-not-ordered; source-alibaba
north-pearl-name-necklace-8099,North & Pearl Layering Giftable Name Necklace,1600649568099,alibaba_id,alibaba-source-1600649568099; alibaba-sourced; availability-status-visible; catalog-expanded; claim-status-unverified; gauss-next-100; gauss-next-100-live; gift-for-her; launch-review; name-style; necklace; new-arrival; personalized; sample-status-not-ordered; source-alibaba
north-pearl-name-jewelry-set-0376,North & Pearl Giftable Name Jewelry Set,1600688200376,alibaba_id,alibaba-source-1600688200376; alibaba-sourced; availability-status-visible; catalog-expanded; claim-status-unverified; gauss-next-100; gauss-next-100-live; gift-for-her; gift-set; launch-review; name-style; new-arrival; personalized; sample-status-not-ordered; source-alibaba
north-pearl-initial-necklace-1355,North & Pearl Refined Initial Necklace,1600821951355,alibaba_id,alibaba-source-1600821951355; alibaba-sourced; availability-status-visible; catalog-expanded; claim-status-unverified; gauss-next-100; gauss-next-100-live; gift-for-her; initial-style; launch-review; letter-style; name-style; necklace; new-arrival; personalized; sample-status-not-ordered; source-alibaba
north-pearl-sparkle-ring-6187,North & Pearl Keepsake Sparkle Ring,1600430776187,alibaba_id,alibaba-source-1600430776187; alibaba-sourced; availability-status-visible; catalog-expanded; claim-status-unverified; gauss-next-100; gauss-next-100-live; gift-for-her; launch-review; new-arrival; ring; sample-status-not-ordered; source-alibaba; sparkle-style
north-pearl-initial-necklace-8309,North & Pearl Layering Polished Initial Necklace,1601450388309,alibaba_id,alibaba-source-1601450388309; alibaba-sourced; availability-status-visible; catalog-expanded; claim-status-unverified; gauss-next-100; gauss-next-100-live; gift-for-her; initial-style; launch-review; name-style; necklace; new-arrival; personalized; sample-status-not-ordered; source-alibaba
north-pearl-flower-necklace-7949,North & Pearl Keepsake Bloom Necklace,1600433027949,alibaba_id,alibaba-source-1600433027949; alibaba-sourced; availability-status-visible; catalog-expanded; chain-style; claim-status-unverified; flower-style; gauss-next-100; gauss-next-100-live; gift-for-her; launch-review; necklace; new-arrival; sample-status-not-ordered; source-alibaba
north-pearl-bead-necklace-6379,North & Pearl Layering Bead Necklace,1601567086379,alibaba_id,alibaba-source-1601567086379; alibaba-sourced; availability-status-visible; bead-style; catalog-expanded; chain-style; claim-status-unverified; gauss-next-100; gauss-next-100-live; gift-for-her; launch-review; letter-style; name-style; necklace; new-arrival; personalized; sample-status-not-ordered; source-alibaba
north-pearl-initial-necklace-6292,North & Pearl Giftable Initial Necklace,1601812846292,alibaba_id,alibaba-source-1601812846292; alibaba-sourced; availability-status-visible; catalog-expanded; claim-status-unverified; gauss-next-100; gauss-next-100-live; gift-for-her; initial-style; launch-review; letter-style; name-style; necklace; new-arrival; personalized; sample-status-not-ordered; source-alibaba
north-pearl-name-necklace-7005,North & Pearl Pendant Classic Name Necklace,1600551467005,alibaba_id,alibaba-source-1600551467005; alibaba-sourced; availability-status-visible; catalog-expanded; claim-status-unverified; gauss-next-100; gauss-next-100-live; gift-for-her; launch-review; name-style; necklace; new-arrival; personalized; sample-status-not-ordered; source-alibaba
north-pearl-flower-bracelet-0924,North & Pearl Refined Bloom Bracelet,1601635780924,alibaba_id,alibaba-source-1601635780924; alibaba-sourced; availability-status-visible; bead-style; bracelet; catalog-expanded; chain-style; claim-status-unverified; flower-style; gauss-next-100; gauss-next-100-live; gift-for-her; launch-review; new-arrival; sample-status-not-ordered; source-alibaba
north-pearl-letter-necklace-4393,North & Pearl Charm Everyday Letter Necklace,1601263114393,alibaba_id,alibaba-source-1601263114393; alibaba-sourced; availability-status-visible; catalog-expanded; claim-status-unverified; gauss-next-100; gauss-next-100-live; gift-for-her; launch-review; letter-style; name-style; necklace; new-arrival; personalized; sample-status-not-ordered; source-alibaba
north-pearl-heart-necklace-3910,North & Pearl Dainty Love Pendant,1601772083910,alibaba_id,alibaba-source-1601772083910; alibaba-sourced; availability-status-visible; catalog-expanded; claim-status-unverified; gauss-next-100; gauss-next-100-live; gift-for-her; heart-style; initial-style; launch-review; letter-style; necklace; new-arrival; personalized; sample-status-not-ordered; source-alibaba
north-pearl-initial-necklace-6999,North & Pearl Charm Polished Initial Necklace,1601027546999,alibaba_id,alibaba-source-1601027546999; alibaba-sourced; availability-status-visible; catalog-expanded; claim-status-unverified; gauss-next-100; gauss-next-100-live; gift-for-her; initial-style; launch-review; letter-style; necklace; new-arrival; personalized; sample-status-not-ordered; source-alibaba
north-pearl-letter-necklace-1608,North & Pearl Keepsake Letter Necklace,1601690411608,alibaba_id,alibaba-source-1601690411608; alibaba-sourced; availability-status-visible; catalog-expanded; chain-style; claim-status-unverified; drop-style; gauss-next-100; gauss-next-100-live; gift-for-her; launch-review; letter-style; name-style; necklace; new-arrival; personalized; sample-status-not-ordered; source-alibaba
north-pearl-sparkle-bracelet-3594,North & Pearl Giftable Sparkle Bracelet,1601717143594,alibaba_id,alibaba-source-1601717143594; alibaba-sourced; availability-status-visible; bracelet; catalog-expanded; claim-status-unverified; gauss-next-100; gauss-next-100-live; gift-for-her; launch-review; new-arrival; sample-status-not-ordered; source-alibaba; sparkle-style
north-pearl-name-necklace-3437,North & Pearl Pendant Giftable Name Necklace,1601682863437,alibaba_id,alibaba-source-1601682863437; alibaba-sourced; availability-status-visible; catalog-expanded; chain-style; claim-status-unverified; gauss-next-100; gauss-next-100-live; gift-for-her; launch-review; name-style; necklace; new-arrival; personalized; sample-status-not-ordered; source-alibaba
north-pearl-signature-ring-0279,North & Pearl Giftable Statement Ring,1601460850279,alibaba_id,alibaba-source-1601460850279; alibaba-sourced; availability-status-visible; catalog-expanded; claim-status-unverified; gauss-next-100; gauss-next-100-live; gift-for-her; launch-review; new-arrival; ring; sample-status-not-ordered; source-alibaba
north-pearl-stud-earrings,North & Pearl Sculpted Stud Earrings,1601458901998,alibaba_id,alibaba-source-1601458901998; alibaba-sourced; availability-status-visible; catalog-expanded; claim-status-unverified; earrings; gauss-next-100; gauss-next-100-live; gift-for-her; launch-review; new-arrival; sample-status-not-ordered; source-alibaba; stud-style
north-pearl-sparkle-necklace-1704,North & Pearl Everyday Sparkle Necklace,1601694031704,alibaba_id,alibaba-source-1601694031704; alibaba-sourced; availability-status-visible; catalog-expanded; claim-status-unverified; drop-style; gauss-next-100; gauss-next-100-live; gift-for-her; launch-review; letter-style; name-style; necklace; new-arrival; personalized; sample-status-not-ordered; source-alibaba; sparkle-style
north-pearl-sparkle-necklace-7976,North & Pearl Dainty Sparkle Necklace,1601693887976,alibaba_id,alibaba-source-1601693887976; alibaba-sourced; availability-status-visible; catalog-expanded; claim-status-unverified; drop-style; gauss-next-100; gauss-next-100-live; gift-for-her; launch-review; name-style; necklace; new-arrival; personalized; sample-status-not-ordered; source-alibaba; sparkle-style; teardrop-style
north-pearl-flower-bracelet-6422,North & Pearl Everyday Bloom Bracelet,1601418486422,alibaba_id,alibaba-source-1601418486422; alibaba-sourced; availability-status-visible; bracelet; catalog-expanded; claim-status-unverified; clover-style; flower-style; gauss-next-100; gauss-next-100-live; gift-for-her; launch-review; new-arrival; sample-status-not-ordered; source-alibaba
north-pearl-name-necklace-4358,North & Pearl Keepsake Name Necklace,1601814464358,alibaba_id,alibaba-source-1601814464358; alibaba-sourced; availability-status-visible; catalog-expanded; chain-style; claim-status-unverified; gauss-next-100; gauss-next-100-live; gift-for-her; launch-review; name-style; necklace; new-arrival; personalized; sample-status-not-ordered; source-alibaba
north-pearl-letter-necklace-5796,North & Pearl Classic Letter Necklace,1601822965796,alibaba_id,alibaba-source-1601822965796; alibaba-sourced; availability-status-visible; catalog-expanded; claim-status-unverified; gauss-next-100; gauss-next-100-live; gift-for-her; launch-review; letter-style; name-style; necklace; new-arrival; personalized; sample-status-not-ordered; source-alibaba
north-pearl-sparkle-earrings-6570,North & Pearl Polished Sparkle Earrings,1600130446570,alibaba_id,alibaba-source-1600130446570; alibaba-sourced; availability-status-visible; catalog-expanded; claim-status-unverified; earrings; gauss-next-100; gauss-next-100-live; gift-for-her; launch-review; letter-style; new-arrival; personalized; sample-status-not-ordered; source-alibaba; sparkle-style; stud-style
north-pearl-sparkle-necklace-2786,North & Pearl Charm Everyday Sparkle Necklace,1601870692786,alibaba_id,alibaba-source-1601870692786; alibaba-sourced; availability-status-visible; catalog-expanded; claim-status-unverified; drop-style; gauss-next-100; gauss-next-100-live; gift-for-her; launch-review; letter-style; name-style; necklace; new-arrival; personalized; sample-status-not-ordered; source-alibaba; sparkle-style
north-pearl-letter-necklace-8427,North & Pearl Charm Dainty Letter Necklace,1601870938427,alibaba_id,alibaba-source-1601870938427; alibaba-sourced; availability-status-visible; catalog-expanded; claim-status-unverified; drop-style; gauss-next-100; gauss-next-100-live; gift-for-her; launch-review; letter-style; name-style; necklace; new-arrival; personalized; sample-status-not-ordered; source-alibaba
north-pearl-letter-earrings,North & Pearl Refined Letter Earrings,1600452065310,alibaba_id,alibaba-source-1600452065310; alibaba-sourced; availability-status-visible; catalog-expanded; claim-status-unverified; earrings; gauss-next-100; gauss-next-100-live; gift-for-her; launch-review; letter-style; name-style; new-arrival; personalized; sample-status-not-ordered; source-alibaba
north-pearl-letter-necklace-9838,North & Pearl Pendant Keepsake Letter Necklace,1601784199838,alibaba_id,alibaba-source-1601784199838; alibaba-sourced; availability-status-visible; catalog-expanded; claim-status-unverified; drop-style; gauss-next-100; gauss-next-100-live; gift-for-her; launch-review; letter-style; name-style; necklace; new-arrival; personalized; sample-status-not-ordered; source-alibaba
north-pearl-name-necklace-9804,North & Pearl Statement Layering Name Necklace,1601829929804,alibaba_id,alibaba-source-1601829929804; alibaba-sourced; availability-status-visible; catalog-expanded; chain-style; claim-status-unverified; gauss-next-100; gauss-next-100-live; gift-for-her; launch-review; name-style; necklace; new-arrival; personalized; sample-status-not-ordered; source-alibaba
north-pearl-letter-necklace-7036,North & Pearl Giftable Letter Necklace,1601710837036,alibaba_id,alibaba-source-1601710837036; alibaba-sourced; availability-status-visible; catalog-expanded; claim-status-unverified; gauss-next-100; gauss-next-100-live; gift-for-her; launch-review; letter-style; name-style; necklace; new-arrival; personalized; sample-status-not-ordered; source-alibaba
north-pearl-clover-bracelet-1367,North & Pearl Layering Clover Bracelet,1601238151367,alibaba_id,alibaba-source-1601238151367; alibaba-sourced; availability-status-visible; bracelet; catalog-expanded; claim-status-unverified; clover-style; gauss-next-100; gauss-next-100-live; gift-for-her; launch-review; new-arrival; sample-status-not-ordered; source-alibaba
north-pearl-signature-bracelet-9323,North & Pearl Stacking Oval Bracelet,1601635999323,alibaba_id,alibaba-source-1601635999323; alibaba-sourced; availability-status-visible; bracelet; catalog-expanded; claim-status-unverified; gauss-next-100; gauss-next-100-live; gift-for-her; launch-review; new-arrival; sample-status-not-ordered; source-alibaba
north-pearl-sparkle-earrings-8738,North & Pearl Refined Sparkle Earrings,1600427688738,alibaba_id,alibaba-source-1600427688738; alibaba-sourced; availability-status-visible; bridal-style; catalog-expanded; claim-status-unverified; earrings; gauss-next-100; gauss-next-100-live; gift-for-her; launch-review; new-arrival; sample-status-not-ordered; source-alibaba; sparkle-style
north-pearl-initial-necklace-2094,North & Pearl Charm Dainty Initial Necklace,1601334992094,alibaba_id,alibaba-source-1601334992094; alibaba-sourced; availability-status-visible; catalog-expanded; claim-status-unverified; gauss-next-100; gauss-next-100-live; gift-for-her; initial-style; launch-review; letter-style; name-style; necklace; new-arrival; personalized; sample-status-not-ordered; source-alibaba
north-pearl-signature-necklace-8214,North & Pearl Polished Pendant Necklace,1601351748214,alibaba_id,alibaba-source-1601351748214; alibaba-sourced; availability-status-visible; catalog-expanded; claim-status-unverified; gauss-next-100; gauss-next-100-live; gift-for-her; launch-review; necklace; new-arrival; sample-status-not-ordered; source-alibaba
north-pearl-bead-earrings-1559,North & Pearl Polished Bead Earrings,1601658751559,alibaba_id,alibaba-source-1601658751559; alibaba-sourced; availability-status-visible; bead-style; catalog-expanded; claim-status-unverified; earrings; gauss-next-100; gauss-next-100-live; gift-for-her; launch-review; new-arrival; sample-status-not-ordered; source-alibaba
north-pearl-letter-bracelet-5859,North & Pearl Giftable Letter Bracelet,1601452605859,alibaba_id,alibaba-source-1601452605859; alibaba-sourced; availability-status-visible; bracelet; catalog-expanded; claim-status-unverified; gauss-next-100; gauss-next-100-live; gift-for-her; launch-review; letter-style; new-arrival; personalized; sample-status-not-ordered; source-alibaba
north-pearl-name-necklace-0020,North & Pearl Giftable Name Necklace,1601436840020,alibaba_id,alibaba-source-1601436840020; alibaba-sourced; availability-status-visible; catalog-expanded; claim-status-unverified; gauss-next-100; gauss-next-100-live; gift-for-her; launch-review; name-style; necklace; new-arrival; personalized; sample-status-not-ordered; source-alibaba
north-pearl-sparkle-bracelet-2159,North & Pearl Layering Sparkle Bracelet,1600868792159,alibaba_id,alibaba-source-1600868792159; alibaba-sourced; availability-status-visible; bracelet; catalog-expanded; claim-status-unverified; gauss-next-100; gauss-next-100-live; gift-for-her; launch-review; new-arrival; sample-status-not-ordered; source-alibaba; sparkle-style
north-pearl-letter-necklace-3983,North & Pearl Refined Letter Necklace,1600332513983,alibaba_id,alibaba-source-1600332513983; alibaba-sourced; availability-status-visible; catalog-expanded; claim-status-unverified; gauss-next-100; gauss-next-100-live; gift-for-her; launch-review; letter-style; name-style; necklace; new-arrival; personalized; sample-status-not-ordered; source-alibaba
north-pearl-flower-bracelet-8870,North & Pearl Polished Bloom Bracelet,1601125888870,alibaba_id,alibaba-source-1601125888870; alibaba-sourced; availability-status-visible; bead-style; bracelet; catalog-expanded; claim-status-unverified; flower-style; gauss-next-100; gauss-next-100-live; gift-for-her; launch-review; new-arrival; sample-status-not-ordered; shell-style; source-alibaba
north-pearl-signature-bracelet-8272,North & Pearl Everyday Oval Bracelet,1601402448272,alibaba_id,alibaba-source-1601402448272; alibaba-sourced; availability-status-visible; bracelet; catalog-expanded; claim-status-unverified; gauss-next-100; gauss-next-100-live; gift-for-her; launch-review; new-arrival; sample-status-not-ordered; source-alibaba
north-pearl-signature-earrings,North & Pearl Giftable Polished Earrings,1601763087685,alibaba_id,alibaba-source-1601763087685; alibaba-sourced; availability-status-visible; catalog-expanded; claim-status-unverified; earrings; gauss-next-100; gauss-next-100-live; gift-for-her; launch-review; new-arrival; sample-status-not-ordered; source-alibaba
north-pearl-initial-necklace-3299,North & Pearl Layering Initial Necklace,1601436793299,alibaba_id,alibaba-source-1601436793299; alibaba-sourced; availability-status-visible; catalog-expanded; chain-style; claim-status-unverified; gauss-next-100; gauss-next-100-live; gift-for-her; initial-style; launch-review; letter-style; necklace; new-arrival; personalized; sample-status-not-ordered; source-alibaba
north-pearl-initial-ring,North & Pearl Sculpted Initial Ring,1601738017000,alibaba_id,alibaba-source-1601738017000; alibaba-sourced; availability-status-visible; catalog-expanded; chain-style; claim-status-unverified; gauss-next-100; gauss-next-100-live; gift-for-her; initial-style; launch-review; letter-style; new-arrival; personalized; ring; sample-status-not-ordered; source-alibaba
north-pearl-letter-necklace-6249,North & Pearl Charm Classic Letter Necklace,1600159656249,alibaba_id,alibaba-source-1600159656249; alibaba-sourced; availability-status-visible; catalog-expanded; claim-status-unverified; gauss-next-100; gauss-next-100-live; gift-for-her; launch-review; letter-style; name-style; necklace; new-arrival; personalized; sample-status-not-ordered; source-alibaba
north-pearl-clover-jewelry-set,North & Pearl Refined Clover Jewelry Set,1601331808776,alibaba_id,alibaba-source-1601331808776; alibaba-sourced; availability-status-visible; catalog-expanded; claim-status-unverified; clover-style; gauss-next-100; gauss-next-100-live; gift-for-her; gift-set; launch-review; new-arrival; sample-status-not-ordered; source-alibaba
north-pearl-clover-bracelet-5386,North & Pearl Stackable Clover Bracelet,1601828845386,alibaba_id,alibaba-source-1601828845386; alibaba-sourced; availability-status-visible; bracelet; catalog-expanded; claim-status-unverified; clover-style; gauss-next-100; gauss-next-100-live; gift-for-her; launch-review; new-arrival; sample-status-not-ordered; source-alibaba
north-pearl-clover-necklace,North & Pearl Dainty Clover Necklace,1601831300693,alibaba_id,alibaba-source-1601831300693; alibaba-sourced; availability-status-visible; catalog-expanded; chain-style; claim-status-unverified; clover-style; gauss-next-100; gauss-next-100-live; gift-for-her; launch-review; necklace; new-arrival; sample-status-not-ordered; source-alibaba
north-pearl-flower-earrings-5632,North & Pearl Refined Bloom Earrings,1601559125632,alibaba_id,alibaba-source-1601559125632; alibaba-sourced; availability-status-visible; catalog-expanded; claim-status-unverified; earrings; flower-style; gauss-next-100; gauss-next-100-live; gift-for-her; launch-review; new-arrival; sample-status-not-ordered; source-alibaba
north-pearl-letter-bracelet-4295,North & Pearl Keepsake Letter Bracelet,1601861674295,alibaba_id,alibaba-source-1601861674295; alibaba-sourced; availability-status-visible; bracelet; catalog-expanded; chain-style; claim-status-unverified; gauss-next-100; gauss-next-100-live; gift-for-her; launch-review; letter-style; new-arrival; personalized; sample-status-not-ordered; source-alibaba
north-pearl-name-necklace-8559,North & Pearl Stacking Layering Name Necklace,1601708888559,alibaba_id,alibaba-source-1601708888559; alibaba-sourced; availability-status-visible; catalog-expanded; claim-status-unverified; gauss-next-100; gauss-next-100-live; gift-for-her; launch-review; name-style; necklace; new-arrival; personalized; sample-status-not-ordered; source-alibaba
north-pearl-signature-ring-7015,North & Pearl Polished Statement Ring,1601484477015,alibaba_id,alibaba-source-1601484477015; alibaba-sourced; availability-status-visible; catalog-expanded; claim-status-unverified; gauss-next-100; gauss-next-100-live; gift-for-her; launch-review; new-arrival; ring; sample-status-not-ordered; source-alibaba
north-pearl-name-necklace-5568,North & Pearl Charm Classic Name Necklace,1601612415568,alibaba_id,alibaba-source-1601612415568; alibaba-sourced; availability-status-visible; catalog-expanded; claim-status-unverified; gauss-next-100; gauss-next-100-live; gift-for-her; launch-review; name-style; necklace; new-arrival; personalized; sample-status-not-ordered; source-alibaba
north-pearl-signature-bracelet-6682,North & Pearl Refined Oval Bracelet,1601381586682,alibaba_id,alibaba-source-1601381586682; alibaba-sourced; availability-status-visible; bracelet; catalog-expanded; claim-status-unverified; gauss-next-100; gauss-next-100-live; gift-for-her; launch-review; new-arrival; sample-status-not-ordered; source-alibaba
north-pearl-signature-earrings-6915,North & Pearl Refined Polished Earrings,1601694236915,alibaba_id,alibaba-source-1601694236915; alibaba-sourced; availability-status-visible; catalog-expanded; claim-status-unverified; earrings; gauss-next-100; gauss-next-100-live; gift-for-her; launch-review; new-arrival; sample-status-not-ordered; source-alibaba
north-pearl-clover-bracelet-7425,North & Pearl Polished Clover Bracelet,1601715167425,alibaba_id,alibaba-source-1601715167425; alibaba-sourced; availability-status-visible; bracelet; catalog-expanded; claim-status-unverified; clover-style; gauss-next-100; gauss-next-100-live; gift-for-her; launch-review; new-arrival; sample-status-not-ordered; source-alibaba
north-pearl-signature-jewelry-set,North & Pearl Giftable Jewelry Set,1601768749988,alibaba_id,alibaba-source-1601768749988; alibaba-sourced; availability-status-visible; catalog-expanded; claim-status-unverified; gauss-next-100; gauss-next-100-live; gift-for-her; gift-set; launch-review; new-arrival; sample-status-not-ordered; source-alibaba
north-pearl-signature-jewelry-set-8616,North & Pearl Polished Jewelry Set,1601094168616,alibaba_id,alibaba-source-1601094168616; alibaba-sourced; availability-status-visible; catalog-expanded; claim-status-unverified; gauss-next-100; gauss-next-100-live; gift-for-her; gift-set; launch-review; new-arrival; sample-status-not-ordered; source-alibaba
north-pearl-sparkle-bracelet-8259,North & Pearl Stacking Giftable Sparkle Bracelet,1601432498259,alibaba_id,alibaba-source-1601432498259; alibaba-sourced; availability-status-visible; bracelet; catalog-expanded; chain-style; claim-status-unverified; gauss-next-100; gauss-next-100-live; gift-for-her; launch-review; new-arrival; sample-status-not-ordered; source-alibaba; sparkle-style
north-pearl-letter-earrings-5006,North & Pearl Giftable Letter Earrings,1601048785006,alibaba_id,alibaba-source-1601048785006; alibaba-sourced; availability-status-visible; catalog-expanded; claim-status-unverified; earrings; gauss-next-100; gauss-next-100-live; gift-for-her; launch-review; letter-style; new-arrival; personalized; sample-status-not-ordered; source-alibaba
north-pearl-initial-necklace-5273,North & Pearl Charm Classic Initial Necklace,1601741915273,alibaba_id,alibaba-source-1601741915273; alibaba-sourced; availability-status-visible; catalog-expanded; chain-style; claim-status-unverified; gauss-next-100; gauss-next-100-live; gift-for-her; initial-style; launch-review; necklace; new-arrival; personalized; sample-status-not-ordered; source-alibaba
